Á¾¸ñÄÚµå,Á¾¸ñ¸í,³¯Â¥,°³ÀÎ,¿Ü±¹ÀÎ,±â°ü°è,±ÝÀ¶ÅõÀÚ,º¸Çè,Åõ½Å,ÀºÇà,±âÅ¸±ÝÀ¶,¿¬±â±Ý,±âÅ¸¹ýÀÎ,±âÅ¸¿ÜÀÎ,»ç¸ðÆÝµå
A112610,¾¾¿¡½ºÀ©µå,20220622,-16039,-21956,37940,1458,-28,8081,-42,100,27244,80,-25,1127
A112610,¾¾¿¡½ºÀ©µå,20220624,-108340,-3591,112000,36060,1841,14806,-79,-803,30780,-16,-53,29395
A112610,¾¾¿¡½ºÀ©µå,20220623,-28504,-3855,32304,22052,-1780,-5670,-77,-578,10989,0,55,7368
A112610,¾¾¿¡½ºÀ©µå,20220628,-152229,73719,79019,-3772,-3107,2641,-567,-250,62373,226,-735,21701
A112610,¾¾¿¡½ºÀ©µå,20220627,12143,-1620,-10222,-7822,-3773,-8226,0,0,9155,-353,52,444
A112610,¾¾¿¡½ºÀ©µå,20220630,-238423,-16529,260160,39891,10528,21463,-923,-512,161424,-4711,-497,28289
A112610,¾¾¿¡½ºÀ©µå,20220629,-254651,45067,208166,19654,17774,23000,-782,-512,126995,1909,-491,22037
A112610,¾¾¿¡½ºÀ©µå,20220701,-20662,18329,4398,33217,-15119,-3732,0,-544,-1347,-2094,29,-8077
A112610,¾¾¿¡½ºÀ©µå,20220704,-11733,6573,6868,653,15567,6599,564,-215,-9930,-1760,52,-6370
A112610,¾¾¿¡½ºÀ©µå,20220706,355097,-88460,-260818,-22303,1838,-55903,1093,300,-70799,-6507,688,-115044
A112610,¾¾¿¡½ºÀ©µå,20220705,86948,-21023,-57509,2471,3722,-13882,124,0,-25778,-8566,150,-24166
A112610,¾¾¿¡½ºÀ©µå,20220708,62304,-1618,-60143,21962,-83,-23597,159,89,-5776,-851,308,-52897
A112610,¾¾¿¡½ºÀ©µå,20220707,83915,6070,-89290,11546,-278,-41324,159,0,-6280,-962,267,-53113
A112610,¾¾¿¡½ºÀ©µå,20220712,104594,-54935,-49718,4236,-16760,-26543,298,126,-21727,241,-182,10652
A112610,¾¾¿¡½ºÀ©µå,20220711,107701,-45311,-62368,569,-20892,-18620,298,100,-32244,206,-228,8421
A112610,¾¾¿¡½ºÀ©µå,20220714,93425,-55288,-38010,-1079,-1303,-7704,3032,0,-5231,3,-130,-25725
A112610,¾¾¿¡½ºÀ©µå,20220713,55137,-43742,-11837,11177,-1425,426,132,0,-8973,0,442,-13174
A112610,¾¾¿¡½ºÀ©µå,20220715,85287,-39849,-45430,-40660,-45,-13162,1200,0,9878,-64,56,-2641
A112610,¾¾¿¡½ºÀ©µå,20220718,-14503,26515,-14806,-4743,-4824,-4360,0,0,-4452,2349,445,3573
A112610,¾¾¿¡½ºÀ©µå,20220720,-24250,-46798,63552,-5255,17424,33905,0,0,2818,7242,254,14660
A112610,¾¾¿¡½ºÀ©µå,20220719,-23910,-18688,38119,-4477,4629,25063,0,0,3202,4499,-20,9702
A112610,¾¾¿¡½ºÀ©µå,20220722,68681,-25872,-42878,-13033,-14730,-12835,0,200,-4704,41,28,2224
A112610,¾¾¿¡½ºÀ©µå,20220721,49004,-35498,-13504,-7415,-3444,1774,0,200,-2477,-1,-1,-2142
A112610,¾¾¿¡½ºÀ©µå,20220726,4931,1809,-6744,9739,-11441,-1470,0,-7200,1754,-7,11,1874
A112610,¾¾¿¡½ºÀ©µå,20220725,-15898,5941,9964,6046,1921,-533,0,0,795,-7,0,1735
A112610,¾¾¿¡½ºÀ©µå,20220728,-256778,62997,191382,68029,10771,63307,-589,2200,-30586,2328,71,78250
A112610,¾¾¿¡½ºÀ©µå,20220727,3174,-4513,1339,3293,-5119,-527,0,0,-210,0,0,3902
A112610,¾¾¿¡½ºÀ©µå,20220729,-156552,-32045,184470,33227,15920,83357,-674,12500,-30781,5266,-1139,70921
A112610,¾¾¿¡½ºÀ©µå,20220801,-115367,30755,72716,-3833,13757,56828,-551,409,4158,12702,-806,1948
A112610,¾¾¿¡½ºÀ©µå,20220803,-45326,83791,-38743,-15389,8261,4774,841,3152,-17210,677,-399,-23172
A112610,¾¾¿¡½ºÀ©µå,20220802,-16080,55399,-40661,-14667,1725,7905,0,0,-11134,1555,-213,-24490
A112610,¾¾¿¡½ºÀ©µå,20220805,-46054,30447,13746,2016,-1783,19834,746,478,31765,1114,747,-39310
A112610,¾¾¿¡½ºÀ©µå,20220804,-19118,43778,-23101,-4215,-4070,1061,0,0,8603,-1729,170,-24480
A112610,¾¾¿¡½ºÀ©µå,20220809,-257349,65233,208077,14711,6423,78822,0,1669,99596,-13896,-2065,6856
A112610,¾¾¿¡½ºÀ©µå,20220808,-224639,75774,164440,9239,12216,72941,0,1669,59292,-13549,-2026,9083
A112610,¾¾¿¡½ºÀ©µå,20220811,-420931,-15758,441811,18251,29112,146832,-4184,-186,170585,-2754,-2368,81401
A112610,¾¾¿¡½ºÀ©µå,20220810,-160600,4542,159336,-9086,8170,55605,-11120,64,86883,-2672,-606,28820
A112610,¾¾¿¡½ºÀ©µå,20220812,10503,-23556,13061,4680,7982,1291,0,-741,-1966,-653,645,1815
A112610,¾¾¿¡½ºÀ©µå,20220817,-81294,192571,-105045,-16395,-14184,-22908,10000,4150,-1131,-5765,-467,-64577
A112610,¾¾¿¡½ºÀ©µå,20220816,-37888,40937,2422,-3279,-274,-2251,0,4250,9139,-5444,-27,-5163
A112610,¾¾¿¡½ºÀ©µå,20220819,-104114,-85026,187448,19147,4281,44932,-132,6884,96562,2771,-1079,15774
A112610,¾¾¿¡½ºÀ©µå,20220818,-63966,-49724,113942,8445,1191,21017,0,7487,84320,143,-395,-8518
A112610,¾¾¿¡½ºÀ©µå,20220823,-143858,25154,119169,3448,15500,54733,-7500,3177,33329,-342,-123,16482
A112610,¾¾¿¡½ºÀ©µå,20220822,-36944,35881,1730,840,3396,14154,-7500,201,1452,-502,-165,-10813
A112610,¾¾¿¡½ºÀ©µå,20220825,-63244,-107812,174992,19938,7648,81776,0,985,80607,-1777,-2159,-15962
A112610,¾¾¿¡½ºÀ©µå,20220824,-126179,-17023,148099,7955,8202,73186,0,985,77411,-2627,-2270,-19640
A112610,¾¾¿¡½ºÀ©µå,20220826,-53568,31779,21656,8598,1870,-49,0,7,6846,4,129,4384
A112610,¾¾¿¡½ºÀ©µå,20220829,-208705,11889,204910,8787,8761,87838,745,-100,87928,-8038,-56,10951
A112610,¾¾¿¡½ºÀ©µå,20220831,73911,-100454,24320,24155,-1507,-10285,-10000,0,27145,2277,-54,-5188
A112610,¾¾¿¡½ºÀ©µå,20220830,55087,-71984,15937,8562,-875,-273,-10000,0,19575,761,199,-1052
A112610,¾¾¿¡½ºÀ©µå,20220902,-57905,125804,-61851,-17309,-24181,-56738,0,-2630,69570,-6072,24,-30563
A112610,¾¾¿¡½ºÀ©µå,20220901,-20438,21988,-2413,-20458,-17841,-11649,0,0,51469,823,40,-3934
A112610,¾¾¿¡½ºÀ©µå,20220906,-33544,-2045,31279,6315,-3028,13372,4283,1428,51955,4382,-72,-43046
A112610,¾¾¿¡½ºÀ©µå,20220905,-29261,26361,2757,-5839,1274,3348,0,0,18410,232,-89,-14436
A112610,¾¾¿¡½ºÀ©µå,20220908,-8752,39379,-29869,-25464,2798,-15632,0,-106,23326,-834,76,-14791
A112610,¾¾¿¡½ºÀ©µå,20220907,15471,22108,-37187,-22598,2216,-17458,0,-106,17584,-461,69,-16825
A112610,¾¾¿¡½ºÀ©µå,20220914,-4736,93505,-81351,2833,-4552,-50962,145,0,-15672,-7324,-94,-13143
A112610,¾¾¿¡½ºÀ©µå,20220913,10480,54036,-61672,9010,-5264,-45543,0,0,-14810,-2747,-97,-5065
A112610,¾¾¿¡½ºÀ©µå,20220916,54285,-27619,-27783,-8523,4677,-663,0,238,1815,761,356,-25327
A112610,¾¾¿¡½ºÀ©µå,20220915,29218,-8716,-22094,-5202,-211,2543,0,0,-4002,1114,478,-15222
A112610,¾¾¿¡½ºÀ©µå,20220920,-56568,-19206,72353,-29084,-519,-2647,444,-271,74215,3706,-285,30215
A112610,¾¾¿¡½ºÀ©µå,20220919,-1189,6232,-6839,-12989,-5498,-21164,444,-271,17275,1584,212,15364
A112610,¾¾¿¡½ºÀ©µå,20220922,-288518,-18385,299327,24983,19037,85151,0,500,157244,6004,1572,12412
A112610,¾¾¿¡½ºÀ©µå,20220921,-22173,-78810,98435,6336,2462,27909,0,500,59187,518,2030,2041
A112610,¾¾¿¡½ºÀ©µå,20220923,32927,-69745,36026,-934,6318,2575,0,-720,13751,75,717,15036
A112610,¾¾¿¡½ºÀ©µå,20220926,5690,49736,-56365,-13915,171,-29354,0,0,-12873,1051,-112,-394
A112610,¾¾¿¡½ºÀ©µå,20220928,51692,-112616,59859,-10516,1752,36494,0,4032,-2407,677,388,30504
A112610,¾¾¿¡½ºÀ©µå,20220927,43338,-63303,19797,-8287,2053,9911,0,3832,-5404,-193,361,17692
A112610,¾¾¿¡½ºÀ©µå,20220930,-10905,-18884,28726,4206,5742,16069,0,-7680,3466,774,289,6923
A112610,¾¾¿¡½ºÀ©µå,20220929,3139,-30072,26893,957,3398,7646,0,0,14634,-252,292,258
A112610,¾¾¿¡½ºÀ©µå,20221004,-13829,-8933,22784,-2109,763,-2076,0,4510,11303,282,-304,10393
A112610,¾¾¿¡½ºÀ©µå,20221006,-99343,-99025,184440,-11602,13107,66363,7549,-60,78745,14795,-867,30338
A112610,¾¾¿¡½ºÀ©µå,20221005,-49322,-25072,60104,-5864,7631,16210,7549,0,29443,14320,-30,5135
A112610,¾¾¿¡½ºÀ©µå,20221007,-25099,6937,18759,5219,2675,710,0,1,8859,-551,-46,1295
A112610,¾¾¿¡½ºÀ©µå,20221012,22641,-8018,-15701,-7071,-492,-12232,0,100,-3439,851,227,7433
A112610,¾¾¿¡½ºÀ©µå,20221011,22754,-9927,-13503,-1266,205,-12112,0,100,2543,551,125,-2973
A112610,¾¾¿¡½ºÀ©µå,20221014,-20767,13292,3990,-17708,-5029,-28913,0,-579,31619,3623,-138,24600
A112610,¾¾¿¡½ºÀ©µå,20221013,-8848,64472,-54386,-24927,-9444,-32896,0,-635,1967,-1366,128,11549
A112610,¾¾¿¡½ºÀ©µå,20221018,-11751,-42256,53173,2499,21428,-7416,0,0,33679,1003,-169,2983
A112610,¾¾¿¡½ºÀ©µå,20221017,-3146,-7747,11016,-4493,6118,-15632,0,0,25157,-27,-96,-134
A112610,¾¾¿¡½ºÀ©µå,20221020,-16491,-3684,18210,-5763,-2297,-8158,0,1,36547,1534,431,-2120
A112610,¾¾¿¡½ºÀ©µå,20221019,-11001,-11252,20894,-1953,-2053,-1261,0,1,26791,987,372,-631
A112610,¾¾¿¡½ºÀ©µå,20221021,1897,-32580,31869,5047,-2711,-13215,0,-333,45914,-1186,0,-2833
A112610,¾¾¿¡½ºÀ©µå,20221024,9217,20348,-30364,5783,2514,-47,0,0,-3404,838,-39,-35210
A112610,¾¾¿¡½ºÀ©µå,20221026,336265,-146872,-182200,9123,-55557,-105254,1173,-1410,31929,-5896,-1297,-62204
A112610,¾¾¿¡½ºÀ©µå,20221025,322661,-138245,-181791,8827,-34169,-86490,1336,500,-27091,-2926,301,-44704
A112610,¾¾¿¡½ºÀ©µå,20221028,-54650,48374,5477,20123,-370,9804,10000,32,-26766,74,725,-7346
A112610,¾¾¿¡½ºÀ©µå,20221027,-42374,37280,5490,13574,1817,9752,0,-168,-11480,-295,-101,-8005
A112610,¾¾¿¡½ºÀ©µå,20221101,-3490,17344,-14966,3462,2716,-7227,0,-125,-1194,1066,46,-12598
A112610,¾¾¿¡½ºÀ©µå,20221031,21624,7471,-32085,1533,-1121,-4161,0,34,-14786,2942,48,-13584
A112610,¾¾¿¡½ºÀ©µå,20221103,-12241,53860,-40069,-34662,-4808,-218,0,0,-22128,-1383,-167,21747
A112610,¾¾¿¡½ºÀ©µå,20221102,2089,30603,-31442,-14280,-5882,-1353,0,0,-14833,-1241,-9,4906
A112610,¾¾¿¡½ºÀ©µå,20221104,-76661,-1731,78898,-1258,13476,-5755,0,0,11886,-478,-28,60549
A112610,¾¾¿¡½ºÀ©µå,20221107,56149,-46887,-8820,-7918,-6019,-4075,0,-211,19660,-187,-255,-10257
A112610,¾¾¿¡½ºÀ©µå,20221109,-247583,141717,92993,20167,-4227,44269,0,873,-30877,13147,-274,62788
A112610,¾¾¿¡½ºÀ©µå,20221108,11,16968,-17001,8394,-6048,4438,0,86,-6384,11,11,-17487
A112610,¾¾¿¡½ºÀ©µå,20221111,-399700,119513,272314,22379,7019,76531,150,-875,26573,4075,3798,140537
A112610,¾¾¿¡½ºÀ©µå,20221110,-126596,40289,86779,-3418,-9225,29254,90,-455,27637,-1229,757,42896
A112610,¾¾¿¡½ºÀ©µå,20221115,-120835,91833,33446,14798,3957,-1297,0,6342,-34225,-4571,127,43871
A112610,¾¾¿¡½ºÀ©µå,20221114,-13420,59958,-43451,1406,-850,-16678,0,-1500,-33595,-3478,391,7766
A112610,¾¾¿¡½ºÀ©µå,20221117,-308582,134463,177191,13473,39237,115460,-10323,5444,-12057,3437,-6509,25957
A112610,¾¾¿¡½ºÀ©µå,20221116,-186297,58585,132611,16882,19407,91874,-9380,5071,-27283,1451,-6350,36040
A112610,¾¾¿¡½ºÀ©µå,20221118,-21116,56586,-35249,-2994,999,-20862,-158,97,9019,530,-751,-21350
A112610,¾¾¿¡½ºÀ©µå,20221121,-62081,44960,17186,2213,-420,-2719,0,28,21783,-76,11,-3699
A112610,¾¾¿¡½ºÀ©µå,20221123,-95972,-820,98591,33121,-2841,44116,100,225,-12809,-948,-851,36679
A112610,¾¾¿¡½ºÀ©µå,20221122,-85764,8758,76493,24059,4583,40668,90,93,-19784,1858,-1345,26784
A112610,¾¾¿¡½ºÀ©µå,20221125,-254592,-11824,256298,6088,24876,130049,190,17,4213,10627,-509,90865
A112610,¾¾¿¡½ºÀ©µå,20221124,-205318,6704,187746,7420,9994,109292,190,17,6601,11321,-453,54232
A112610,¾¾¿¡½ºÀ©µå,20221129,-75111,57698,21002,-2305,2167,4301,-220,-108,22125,-2956,-633,-4958
A112610,¾¾¿¡½ºÀ©µå,20221128,-29191,41414,-9282,-5909,2980,-371,-110,-180,-1723,-2385,-556,-3969
A112610,¾¾¿¡½ºÀ©µå,20221201,2120,33165,-34899,-10663,-20759,-20140,0,-2,20854,-403,17,-4189
A112610,¾¾¿¡½ºÀ©µå,20221130,-21229,39290,-13550,-11203,-11324,-3514,0,-2,11584,-4620,109,909
A112610,¾¾¿¡½ºÀ©µå,20221202,-6480,68989,-62236,-10549,-7899,-32659,-744,1,15874,-440,167,-26260
A112610,¾¾¿¡½ºÀ©µå,20221205,-7452,-33630,41201,2691,-4683,37048,-70,249,-472,-196,77,6438
A112610,¾¾¿¡½ºÀ©µå,20221207,-9331,61512,-50633,-8713,-7581,-8925,0,-868,-562,-1856,308,-23984
A112610,¾¾¿¡½ºÀ©µå,20221206,-9192,41712,-32809,-5796,-3489,-15507,0,-868,11148,13,276,-18297
A112610,¾¾¿¡½ºÀ©µå,20221209,26794,59994,-87320,9219,688,-47337,0,32,-15782,-378,910,-34140
A112610,¾¾¿¡½ºÀ©µå,20221208,-10117,13625,-592,4564,4126,-8066,0,31,-4718,-2870,-46,3471
A112610,¾¾¿¡½ºÀ©µå,20221213,-25326,-125970,155350,6425,19768,81014,1223,-88,43191,-4722,668,3817
A112610,¾¾¿¡½ºÀ©µå,20221212,-43414,-85442,130792,6371,19886,59101,1223,-88,35854,-2188,252,8445
A112610,¾¾¿¡½ºÀ©µå,20221215,-156579,-43909,201298,27977,12977,56987,0,0,24770,-464,-346,78587
A112610,¾¾¿¡½ºÀ©µå,20221214,-118806,-27213,147324,20306,8431,31556,0,0,21082,-1032,-273,65949
A112610,¾¾¿¡½ºÀ©µå,20221216,-33336,13526,20251,-258,4580,8685,80,33,5399,-427,-14,1732
A112610,¾¾¿¡½ºÀ©µå,20221219,-47802,31149,17903,1705,393,21395,0,-1,-9042,-1208,-42,3453
A112610,¾¾¿¡½ºÀ©µå,20221221,-11080,46312,-23750,1632,-6757,-8237,0,-2280,16268,-10655,-827,-24376
A112610,¾¾¿¡½ºÀ©µå,20221220,7428,44848,-41296,-1486,-5293,-4848,0,-2362,18024,-9793,-1187,-45331
A112610,¾¾¿¡½ºÀ©µå,20221223,-25217,-25636,51311,23665,-2191,7588,-1408,0,-4319,-658,200,27976
A112610,¾¾¿¡½ºÀ©µå,20221222,-3739,-18770,23343,14575,-2594,3913,-1408,0,-2688,-1009,175,11545
A112610,¾¾¿¡½ºÀ©µå,20221227,-110937,-16524,127579,41263,-5708,12153,0,279,13908,-398,280,65684
A112610,¾¾¿¡½ºÀ©µå,20221226,-37393,-24909,63198,17393,-3633,8592,0,0,8851,-904,8,31995
A112610,¾¾¿¡½ºÀ©µå,20221229,77397,-34819,-42003,-27993,-1038,-3445,0,1396,8143,-572,-3,-19066
A112610,¾¾¿¡½ºÀ©µå,20221228,26151,-17613,-8507,-8068,338,-2757,0,153,3622,-7,-24,-1795
A112610,¾¾¿¡½ºÀ©µå,20230102,21930,-11917,-5825,-5229,626,3455,0,0,8845,-4185,-3,-13522
A112610,¾¾¿¡½ºÀ©µå,20230104,115401,-8175,-112380,-13661,-17776,-39906,0,215,-9171,4712,442,-32081
A112610,¾¾¿¡½ºÀ©µå,20230103,-4546,17582,-11923,-11673,1259,5602,0,15,2549,-1145,32,-9675
A112610,¾¾¿¡½ºÀ©µå,20230106,78715,132136,-218194,195,-10279,-90118,-160,-781,-30130,6835,508,-86921
A112610,¾¾¿¡½ºÀ©µå,20230105,33549,98172,-138027,-10001,-6454,-43726,0,300,-7497,6044,262,-70649
A112610,¾¾¿¡½ºÀ©µå,20230110,-41550,5454,30620,28204,-1984,-4744,0,-10,-11554,4826,650,20708
A112610,¾¾¿¡½ºÀ©µå,20230109,-23118,13371,8193,10879,1526,-6060,0,-11,-6271,1130,424,8130
A112610,¾¾¿¡½ºÀ©µå,20230112,-155523,133768,20986,2022,7890,-27403,-312,-845,-44039,2055,-1286,83673
A112610,¾¾¿¡½ºÀ©µå,20230111,34193,-16773,-19401,-20465,13167,4460,0,-120,-21726,2162,-181,5283
A112610,¾¾¿¡½ºÀ©µå,20230113,38318,-34554,-4809,7991,279,-10572,-100,1,-6020,937,108,3612
A112610,¾¾¿¡½ºÀ©µå,20230116,-9677,18439,-6262,-1451,-1183,-1334,0,442,-2742,-2484,-16,6
A112610,¾¾¿¡½ºÀ©µå,20230118,58966,-33043,-25634,-19012,-9837,8253,-585,1,-10669,-252,-37,6215
A112610,¾¾¿¡½ºÀ©µå,20230117,15772,-6725,-9368,-16411,-6000,9792,-585,0,-796,220,101,4632
A112610,¾¾¿¡½ºÀ©µå,20230120,212408,-45906,-172470,-20284,-6746,-52655,2430,0,-37961,3901,2067,-57254
A112610,¾¾¿¡½ºÀ©µå,20230119,111508,-68036,-45656,-1986,-3696,-13884,2600,0,-18480,1715,469,-10210
A112610,¾¾¿¡½ºÀ©µå,20230126,128136,-23748,-101942,540,-6539,-50240,-227,1,-40429,-3069,623,-5048
A112610,¾¾¿¡½ºÀ©µå,20230125,138781,-20586,-114804,-1414,-5994,-32820,13,0,-67567,-3669,278,-7022
A112610,¾¾¿¡½ºÀ©µå,20230127,-5881,-15314,21659,5514,569,6115,1450,0,6878,147,-611,1133
A112610,¾¾¿¡½ºÀ©µå,20230130,242952,-76257,-163212,-7268,-7460,-48050,-1450,200,-49387,-4024,541,-49797
A112610,¾¾¿¡½ºÀ©µå,20230201,122427,111478,-234297,-16751,-10644,-100663,0,47,-7281,1692,-1300,-99005
A112610,¾¾¿¡½ºÀ©µå,20230131,213682,75299,-290249,-19559,-13819,-96894,0,50,-56756,2512,-1244,-103271
A112610,¾¾¿¡½ºÀ©µå,20230203,31102,-61469,30208,-8259,1540,-1571,-2123,201,20518,-116,275,19902
A112610,¾¾¿¡½ºÀ©µå,20230202,26674,-36420,9973,-7157,1310,1877,0,0,12012,-419,192,1931
A112610,¾¾¿¡½ºÀ©µå,20230207,-130288,32418,97323,-15655,2761,12254,1400,720,93399,1121,-574,2444
A112610,¾¾¿¡½ºÀ©µå,20230206,2492,-3145,-744,-12887,668,2019,0,519,11996,1414,-17,-3059
A112610,¾¾¿¡½ºÀ©µå,20230209,-144981,101697,45471,177,3667,16362,-498,400,30511,-950,-1237,-5148
A112610,¾¾¿¡½ºÀ©µå,20230208,7126,6838,-15829,-4080,773,-3247,140,601,-6651,2274,-409,-3365
A112610,¾¾¿¡½ºÀ©µå,20230210,-116898,90693,28561,-5595,4427,14453,0,0,11198,-2256,-100,4078
A112610,¾¾¿¡½ºÀ©µå,20230213,-45601,1137,40260,-2751,-837,18728,0,-501,11492,4173,31,14129
A112610,¾¾¿¡½ºÀ©µå,20230215,372851,-252913,-116814,2094,-11429,-48003,6550,19740,-63824,-5077,1953,-21942
A112610,¾¾¿¡½ºÀ©µå,20230214,245827,-204105,-36852,14218,-2048,-8856,7566,19154,-47032,-6670,1800,-19854
A112610,¾¾¿¡½ºÀ©µå,20230217,-63542,-9,57996,12134,-223,530,1502,102,23941,6149,-594,20010
A112610,¾¾¿¡½ºÀ©µå,20230216,-34483,-5929,38387,19840,-1966,1458,1502,0,10611,2686,-661,6942
A112610,¾¾¿¡½ºÀ©µå,20230221,101612,-65217,-33155,-3395,-2700,-45345,700,43,19577,-3685,445,-2035
A112610,¾¾¿¡½ºÀ©µå,20230220,73202,-23182,-52259,3903,-3008,-34833,0,43,-13942,2224,15,-4422
A112610,¾¾¿¡½ºÀ©µå,20230223,179016,-91360,-91168,-10219,-10428,-52230,-700,2,-7052,2906,606,-10541
A112610,¾¾¿¡½ºÀ©µå,20230222,128454,-62847,-69008,-13706,-8465,-41707,-700,2,631,2860,541,-5063
A112610,¾¾¿¡½ºÀ©µå,20230224,-28236,3675,24455,-333,1923,9297,0,119,10441,-145,251,3008
A112610,¾¾¿¡½ºÀ©µå,20230227,65895,3484,-75748,-8906,6094,-3241,0,54,-74998,5954,415,5249
A112610,¾¾¿¡½ºÀ©µå,20230228,6519,11036,-18399,3731,-683,-5025,0,154,-50014,728,116,33438
A112610,¾¾¿¡½ºÀ©µå,20230303,-125119,118654,4193,28200,6624,26010,700,228,-120230,2606,-334,62661
A112610,¾¾¿¡½ºÀ©µå,20230302,-150428,145789,3768,28839,1790,13874,0,100,-88754,1351,-480,47919
A112610,¾¾¿¡½ºÀ©µå,20230307,-182155,133942,52801,-5162,15041,66780,-2547,-244,-64866,-3789,-799,43799
A112610,¾¾¿¡½ºÀ©µå,20230306,-41600,9353,38759,10278,8839,31050,551,0,-32206,-5925,-587,20247
A112610,¾¾¿¡½ºÀ©µå,20230309,75486,59068,-125684,-7465,-4768,22510,-2118,-360,-159121,-11517,2647,25638
A112610,¾¾¿¡½ºÀ©µå,20230308,56715,-2907,-45096,-9489,963,2208,600,11,-43974,-10005,1293,4585
A112610,¾¾¿¡½ºÀ©µå,20230310,-51351,45255,6184,-7728,7282,-183,140,1,-5277,-187,99,11949
A112610,¾¾¿¡½ºÀ©µå,20230313,6348,-18991,13224,-7792,-3946,60262,-3048,0,-34713,-856,275,2461
A112610,¾¾¿¡½ºÀ©µå,20230315,-49765,40077,14696,3843,-2796,70589,-9751,475,-500,-4689,-319,-47164
A112610,¾¾¿¡½ºÀ©µå,20230314,27762,-897,-24237,-2564,-6425,24958,249,475,-16254,-2099,-529,-24676
A112610,¾¾¿¡½ºÀ©µå,20230317,140467,-312282,175229,6246,20403,48526,274,1031,125729,-3076,-338,-26980
A112610,¾¾¿¡½ºÀ©µå,20230316,-50060,-45534,100367,3326,7522,53923,274,304,41357,-4364,-409,-6339
A112610,¾¾¿¡½ºÀ©µå,20230321,59742,104492,-158753,-1270,2585,-37871,-5476,0,-29975,-6028,547,-86746
A112610,¾¾¿¡½ºÀ©µå,20230320,3837,100036,-97118,1285,1173,-23432,0,-1,-21491,-6853,98,-54652
A112610,¾¾¿¡½ºÀ©µå,20230323,30916,7543,-38859,12474,5198,-11675,-122,100,-30369,918,-518,-14465
A112610,¾¾¿¡½ºÀ©µå,20230322,-8241,1543,6637,2722,2464,-1462,58,0,-15746,-320,381,18601
A112610,¾¾¿¡½ºÀ©µå,20230324,35388,35307,-71495,-8254,-230,-8154,0,101,-42920,146,654,-12038
A112610,¾¾¿¡½ºÀ©µå,20230327,33886,-38786,6890,2881,-204,4347,0,500,2042,-1986,-4,-2676
A112610,¾¾¿¡½ºÀ©µå,20230329,-45155,17456,26981,12082,2486,-8917,600,0,39165,19,699,-18435
A112610,¾¾¿¡½ºÀ©µå,20230328,-36177,25770,9789,7937,403,-9457,600,0,21887,-41,659,-11581
A112610,¾¾¿¡½ºÀ©µå,20230331,-29054,-17738,45479,5471,8492,31718,1200,305,55877,2141,-828,-57584
A112610,¾¾¿¡½ºÀ©µå,20230330,-42467,36534,6184,-2440,9585,27499,1200,305,22324,-37,-214,-52289
A112610,¾¾¿¡½ºÀ©µå,20230404,333031,-189000,-147363,-29657,1033,-51299,7700,-189,394,2849,483,-75345
A112610,¾¾¿¡½ºÀ©µå,20230403,242005,-137098,-105993,-22650,-922,-45463,7700,-188,-6786,543,543,-37684
A112610,¾¾¿¡½ºÀ©µå,20230406,-262738,181866,81737,-7252,-3784,36108,-2972,1452,74927,298,-1163,-16742
A112610,¾¾¿¡½ºÀ©µå,20230405,-207138,142747,64895,19642,2717,72,-2100,0,45599,-711,207,-1035
A112610,¾¾¿¡½ºÀ©µå,20230407,291994,-280246,-14019,11938,3372,-4667,301,1300,8579,1540,731,-34842
A112610,¾¾¿¡½ºÀ©µå,20230410,-55417,76241,-23580,7030,5803,-13335,0,-102,21216,2676,80,-44192
A112610,¾¾¿¡½ºÀ©µå,20230412,-92374,42443,53151,2366,-2481,6068,0,-18,37566,-3095,-125,9650
A112610,¾¾¿¡½ºÀ©µå,20230411,-95428,48036,50064,10639,-3579,3203,0,-18,25381,-2491,-181,14438
A112610,¾¾¿¡½ºÀ©µå,20230414,-308839,145342,173661,47058,4067,23777,1629,178,91065,-9557,-607,5887
A112610,¾¾¿¡½ºÀ©µå,20230413,-51958,47078,9950,12898,-275,129,0,0,23663,-5069,-1,-26465
A112610,¾¾¿¡½ºÀ©µå,20230418,33578,-87239,56198,-2779,24376,30616,6,2699,50983,-2912,375,-49703
A112610,¾¾¿¡½ºÀ©µå,20230417,21428,-24564,1056,-159,-51,9611,142,0,6789,826,1254,-15276
A112610,¾¾¿¡½ºÀ©µå,20230420,-134394,64931,60312,5211,-3799,16582,-9200,-303,67905,9567,-416,-16084
A112610,¾¾¿¡½ºÀ©µå,20230419,19183,21833,-41678,911,-7640,-4736,-1200,0,-13295,891,-229,-15718
A112610,¾¾¿¡½ºÀ©µå,20230421,-195351,-25549,216126,17797,24654,67682,-186,4000,47804,4032,742,54375
A112610,¾¾¿¡½ºÀ©µå,20230424,78178,-75819,2712,4128,2187,-12905,-762,1360,13453,-5359,288,-4749
A112610,¾¾¿¡½ºÀ©µå,20230426,129047,-73963,-45365,1749,-900,-15004,1025,100,47124,-10445,726,-79459
A112610,¾¾¿¡½ºÀ©µå,20230425,93087,-42673,-41636,8239,815,-3712,589,0,32241,-9705,927,-79808
A112610,¾¾¿¡½ºÀ©µå,20230428,44662,-10717,-33469,-41763,-5339,-8130,8502,121,46695,-596,120,-33555
A112610,¾¾¿¡½ºÀ©µå,20230427,9344,-25796,14250,-19064,2175,12426,8502,67,27976,2168,34,-17832
A112610,¾¾¿¡½ºÀ©µå,20230502,57390,55118,-110103,-20338,-3186,-43090,-1200,100,-7958,-2739,334,-34431
A112610,¾¾¿¡½ºÀ©µå,20230504,16668,-11534,-5163,-15332,21228,-10135,716,-71,19696,-158,187,-21265
A112610,¾¾¿¡½ºÀ©µå,20230503,30816,19475,-49525,-4809,1042,-18862,716,-71,8786,-609,-157,-36327
A112610,¾¾¿¡½ºÀ©µå,20230508,85926,-99743,14853,2859,-2093,15053,0,200,-4691,-1056,20,3525
A112610,¾¾¿¡½ºÀ©µå,20230510,-138291,1657,125599,122,45317,96752,0,200,-54949,10938,97,38157
A112610,¾¾¿¡½ºÀ©µå,20230509,-241402,76506,153308,12702,14425,68141,0,-1,-16682,11656,-68,74723
A112610,¾¾¿¡½ºÀ©µå,20230512,-80069,76820,-12622,3849,-11896,14226,0,860,-9874,14524,1347,-9787
A112610,¾¾¿¡½ºÀ©µå,20230511,-216506,173439,28714,183,-5404,28569,0,849,4627,13315,1038,-110
A112610,¾¾¿¡½ºÀ©µå,20230516,-47305,79460,-16378,2294,-599,-4398,-436,154,6594,-15976,199,-19987
A112610,¾¾¿¡½ºÀ©µå,20230515,-53101,80056,-20935,-1325,1351,-1390,-436,-3,-3944,-6335,315,-15188
A112610,¾¾¿¡½ºÀ©µå,20230518,43420,14694,-55636,-5715,-3875,-15923,-110,-28,-32356,-1943,-535,2371
A112610,¾¾¿¡½ºÀ©µå,20230517,28816,3899,-30862,-1300,-3411,-8146,0,-11,-8206,-1958,105,-9788
A112610,¾¾¿¡½ºÀ©µå,20230519,15114,-151,-16010,12605,-1140,-7886,0,28,-18385,1315,-268,-1232
A112610,¾¾¿¡½ºÀ©µå,20230522,-46385,33384,14720,11300,-6591,-2710,0,-101,10964,-1813,94,1858
A112610,¾¾¿¡½ºÀ©µå,20230524,-37888,94328,-39720,391,1884,-27260,108,-135,-7707,-16896,176,-7001
A112610,¾¾¿¡½ºÀ©µå,20230523,-31548,38463,-6250,6048,-204,-6544,106,0,-12068,-899,234,6412
A112610,¾¾¿¡½ºÀ©µå,20230526,108175,-49915,-66111,-25265,-1559,-33773,167,31,2740,7316,535,-8452
A112610,¾¾¿¡½ºÀ©µå,20230525,-24097,42728,-18128,-16649,451,-17887,110,-1,11368,-445,-58,4480
A112610,¾¾¿¡½ºÀ©µå,20230530,-243581,170953,74477,18291,-4608,4840,1500,10029,21574,-1222,-627,22851
A112610,¾¾¿¡½ºÀ©µå,20230601,74425,-139339,62898,-962,18882,15931,786,257,26568,2157,-141,1436
A112610,¾¾¿¡½ºÀ©µå,20230531,43444,-42741,-409,-2804,-31,-2035,0,473,3419,-97,-197,569
A112610,¾¾¿¡½ºÀ©µå,20230602,-154870,59485,96761,8924,1973,36227,-436,2242,13627,-1581,205,34204
A112610,¾¾¿¡½ºÀ©µå,20230605,-63740,34870,29363,8416,-1054,9227,0,-117,11421,-282,-211,1470
A112610,¾¾¿¡½ºÀ©µå,20230607,-188381,117840,73514,14360,15021,4541,-376,1,3580,-1373,-1600,36387
A112610,¾¾¿¡½ºÀ©µå,20230609,-17414,94459,-76946,-8660,-8324,-16011,0,-570,-13892,424,-523,-29489
A112610,¾¾¿¡½ºÀ©µå,20230608,-11594,26159,-14359,2899,-12476,92,0,-442,4744,49,-255,-9176
A112610,¾¾¿¡½ºÀ©µå,20230613,-48791,39674,7810,23293,-5891,-126,40,-1,-11572,1970,-663,2067
A112610,¾¾¿¡½ºÀ©µå,20230612,234,34864,-36040,11771,-7336,-15958,0,0,-11109,1251,-309,-13408
A112610,¾¾¿¡½ºÀ©µå,20230615,53219,18287,-74797,-10754,-4216,-13896,0,-120,-26283,3469,-178,-19528
A112610,¾¾¿¡½ºÀ©µå,20230614,12902,33519,-48741,-12314,99,-11208,0,-120,-5789,2088,232,-19409
A112610,¾¾¿¡½ºÀ©µå,20230616,-171976,142991,30862,-1205,2698,9615,0,-100,13630,-2737,860,6224
A112610,¾¾¿¡½ºÀ©µå,20230619,-227093,92800,126758,-165,2839,42095,-1433,-154,58815,7364,171,24761
A112610,¾¾¿¡½ºÀ©µå,20230621,-14768,66928,-47366,10061,-2622,-17110,-8500,-51,-13755,-2027,-2767,-15389
A112610,¾¾¿¡½ºÀ©µå,20230620,18634,2096,-17534,12187,-2212,-7335,0,-1,-14984,-1849,-1347,-5189
