날짜,제목,내용
 2022.07.19 13:40,"고영테크놀러지, 21일 기업설명회 개최",			 [서울=뉴시스]신항섭 기자 = 고영테크놀러지는 오는 21일 서울 여의도에서 국내 기관투자자를 대상으로 기업설명회를 진행한다고 19일 공시했다. 
 2022.07.26 17:28,"고영, 100억 규모 자기주식 취득 신탁계약","			 [이데일리 양지윤 기자] 고영(098460)은 신한금융투자와 100억원 규모의 자기주식 취득 신탁계약을 체결했다고 26일 공시했다. 회사 측은 계약 목적에 대해 “스톡 그랜트 재원 확보, 주가 안정, 주주가치 제고 취지”라고 설명했다.계약기간은 이날부터 2023년 1월25일 까지다."
 2022.10.12 10:50,"고영, 17일 기업설명회 개최",			 [서울=뉴시스] 김경택 기자 = 고영은 경영실적 설명을 위해 오는 17일 국내외 증권사 애널리스트를 대상으로 컨퍼런스콜 기업설명회를 개최한다고 12일 공시했다. 
 2022.10.13 14:43,"고영테크놀러지, 18~19일 기업설명회 개최",			 [서울=뉴시스] 최현호 기자 = 고영테크놀러지는 오는 18일부터 19일까지 이틀 간 국내 기관투자자를 대상으로 1대1 미팅 방식을 통해 기업설명회(IR)를 개최한다고 13일 공시했다. 
 2022.10.13 15:10,"고영, 18일부터 이틀간 IR 개최",			 [이데일리 김보겸 기자] 고영(098460)은 이달 18일부터 19일까지 국내 기관투자자를 대상으로 기업설명회(IR)를 개최한다고 13일 공시했다. 최근 경영실적 및 질의응답 시간을 가질 예정이다.
 2022.10.17 16:38,"고영, 3분기 영업익 117억…전년비 13% 증가",			 [이데일리 양지윤 기자] 고영(098460)은 3분기 연결기준 영업이익이 116억8800만원으로 전년 동기보다 12.8% 증가했다고 공시했다. 같은 기간 매출액은 722억원으로 16.6% 늘었다.
 2022.10.21 15:46,"고영테크놀러지, 25일 기업설명회",			 [서울=뉴시스]신항섭 기자 = 고영테크놀러지은 오는 25일 국내 기관투자자를 대상으로 기업설명회를 진행한다고 21일 공시했다. 
 2023.01.02 08:05,"고영, 글로벌 공급망 재구축 수혜…북미 매출 증가-하이","			 [이데일리 김응태 기자] 하이투자증권은 2일 고영(098460)에 대해 글로벌 공급망 탈세계화로 생산 거점 재배치에 대한 투자 확대가 본격화하면서 북미 지역 매출이 증가할 것으로 전망했다. 이에 투자의견 ‘매수’, 목표주가 1만8000원을 유지했다. 상승여력은 41.2%이며, 전거래일 종가는 1만2750원이다. 이상헌 하이투자증권 연구원은 “고영의 지난해 연결기준 매출액은 전년 대비 11.75% 증가한 2762억원, 영업이익은 6.3% 늘어난 440억원으로 예상된다”며 “이는 지난해 중국 락다운 영향에도 불구하고 북미지역 생산거점 재배치가 본격화함에 따라 3D 검사장비 수요가 큰 폭으로 증가하면서 자동차 전장향 매출 증가가 예상되기 때문”이라고 진단했다.최근 글로벌 경기 침체 현실화로 전방 투자가 위축되는 상황이 불가피하지만, 글로벌 공급망 탈세계화로 생산거점 재구축에 대한 투자가 전개되면서 수혜를 입을 것으로 봤다. 미국은 중국을 견제하기 위해 반도체, 2차전지, 주요 광물 등 주요 산업 중심으로 글로벌 공급망을 재편하고 있다. 특히 인플레이션 감축법(IRA) 등을 통해 중장기 미국 내 제조 역량 제고를 추진 중이다. 특정 국가에 집중됐던 생산 거점이 산업별로 특화된 국가로 다원화하면서 고영의 3D 검사장비 수요 확대로 이어질 것이란 분석이다. 특히 글로벌 에너지관리시스템(EMS) 및 자동차 전장 고객사로부터 생산 거점 재배치에 따른 스마트팩토리 솔루션 수요도 확대될 것으로 점쳤다. 의료용 로봇 성장성도 가속화할 것으로 전망했다. 고영은 3D 측정검사 기술을 기반으로 한 뇌수술용 의료로봇 ‘카이메로’를 개발했다. 이미 국내에서 세브란스병원, 삼성서울병원 등에 카이메로를 공급했으며, 향후 뇌수술 외에 다른 신경외과 수술로도 적용범위를 확장한다는 구상이다. 올해는 2대 이상의 로봇 판매가 가능할 것으로 예상했다. 이 연구원은 “국내 대형병원 판매 확대를 통해 트랙 레코드를 쌓은 이후, 올해 하반기에 미국 식품의약국(FDA) 임상을 추진할 것으로 예상된다”며 “내년에 FDA 승인을 획득해 미국 의료 로봇 시장에 본격적으로 진출할 계획으로 의료용 로봇의 성장성 등이 가속화될 것”이라고 밝혔다."
 2023.01.02 08:10,"[클릭 e종목]“고영, 글로벌 공급망 생산 거점 재구축 수혜”","			  하이투자증권은 2일 고영에 대해 글로벌 공급망의 생산 거점 재구축 수혜가 기대된다고 분석했다. 목표주가는 1만8000원을 유지했다.이상헌 하이투자증권 연구원은 이날 보고서에서 “코로나19로 글로벌 공급망 혼란이 야기되면서 특정 국가에 집중된 생산거점이 이동하기 시작했다”며 “러시아의 우크라이나 침공으로 촉발된 지정학적 위기로 안보이슈가 부각되면서 글로벌 공급망의 탈세계화가 가속화되고 있다”고 분석했다.실제 미국은 인플레이션 감축법(IRA) 등을 통해 중국에 집중돼있던 반도체, 이차전지, 주요 광물, 바이오 등의 산업 글로벌 공급망을 재편하고 있다. 이에 특정 국가에 집중되었던 생산거점이 산업별로 특화된 국가로 다원화되면서 생산거점 재배치에 대한 투자 등이 확대되고 있다.이상헌 연구원은 “고영의 지난해 연결 기준 매출액과 영업이익은 각각 2762억원, 440억원으로 전년 동기 대비 11.7%, 6.3% 증가할 것”이라며 “이는 지난해 중국 락다운 영향에도 불구하고 북미지역에서 생산거점 재배치가 본격화됨에 따라 3D 검사장비 수요가 큰 폭으로 증가되면서 자동차 전장향 매출증가가 예상되기 때문”이라고 전망했다.이어 그는 “무엇보다 최근 글로벌 경기침체 현실화로 전방 투자가 위축되는 상황이 불가피할 것으로 예상되지만 글로벌 공급망 탈세계화로 생산거점 재구축에 대한 투자가 본격화 될 것으로 기대된다”고 밝혔다.이에 따라 고영의 3D 검사장비의 수요 확대로 이어지면서 올해 매출 성장의 원동력이 될 것으로 전망된다. 특히 글로벌 EMS 및 자동차전장 고객사로부터의 생산거점 재배치에 따른 스마트팩토리 솔루션(KSMART) 수요도 확대될 수 있을 것으로 분석된다.또 의료용 로봇 성장성도 가속화 될 전망이다. 고영은 3D 측정검사 기술을 기반으로 한 뇌수술용 의료로봇인 카이메로를 개발했다. 2016년 말 식품의약품안전처로부터 카이메로에 대한 제조 및 판매허가를 승인 받았으며 이후 2년간 국내 병원에서 임상 시험을 마쳤다.그는 “올해의 경우 2대 이상의 뇌수술용 의료로봇 판매가 가능할 것”이라며 “국내 대형병원 판매확대를 통해 트랙 레코드를 쌓은 후 올해 하반기에 미국 식품의약국(FDA) 임상을 추진할 것으로 예상된다”고 밝혔다.이어 “이에 따라 내년에 미국 FDA 승인을 획득해 미국 의료로봇 시장에 본격적으로 진출할 계획으로 의료용 로봇의 성장성 등이 가속화 될 것”이라고 덧붙였다."
 2023.01.11 10:32,"고영, 18일 기업설명회 개최",			 [서울=뉴시스] 박은비 기자 = 고영은 오는 18일 오후 8시 국내외 증권사 애널리스트를 대상으로 최근 경영실적에 대해 설명하는 기업설명회(IR)를 개최한다고 11일 공시했다. 
 2023.01.18 16:00,"고영, 4분기 영업익 112억…전년비 12.1% ↑",			 [헤럴드경제=증권부] 고영테크놀러지는 4분기 연결기준 영업이익이 112억2400만원으로 전년동기대비 12.1% 증가했다고 18일 공시했다.같은 기간 매출액은 692억6000만원으로 16.6% 늘어난 것으로 잠정 집계됐다.
 2023.01.18 16:13,"고영, 작년 영업익 442억…전년比 6.9%↑","			 [서울=뉴시스] 신항섭 기자 = 고영테크놀로지는 연결재무제표 기준 지난해 영업이익이 442억원을 기록해 전년대비 6.9% 증가했다고 18일 공시했다. 같은 기간 매출액은 2750억원으로 전년대비 11.2% 증가했다.4분기 영업이익은 112억원으로 전년 동기 대비 12.1% 늘었고, 매출액은 16.6% 증가한 693억원으로 집계됐다. "
 2023.01.18 16:58,"고영, 작년 영업이익 442억…6.9% 증가",			 [이데일리 원다연 기자] 고영(098460)은 연결기준 지난해 영업이익이 441억 8900만원으로 전년동기대비 6.9% 증가했다고 18일 공시했다. 작년 매출액은 2749억 6200만원으로 같은기간 11.2% 증가했다.
 2023.01.19 08:44,"[클릭 e종목]“고영, 자동차전장 중심 실적 회복 성공”","			  유진투자증권은 19일 고영에 대해 자동차 전장 중심으로 실적 회복 지속이 성공했다고 분석했다.전날 고영은 지난해 4분기 연결 기준 잠정 매출액 693억원, 영업이익 112억원을 달성했다고 공시했다. 전년 동기 대비 각각 16.6%, 12.1% 증가했다. 시장 전망치 평균인 매출액 702억원, 영업이익 116억원과 유사한 수준을 보이며 성장세를 지속했다.박종선 유진투자증권 연구원은 이날 보고서에서 “4분기 실적에서 긍정적인 점은 실적 회복이 지난 2분기 동안 지속하고 있다는 것”이라고 분석했다.제품별로 보면 3D SPI(납도포 검사기), 3D AOI(자동광학검사) 제품 매출이 전년 동기 대비 각각 28.3%, 21.9% 증가했다. 다만 반도체 검사장비(Meister), 다목적 검사장비인 MOI 등을 포함한 기타 제품 매출은 투자 이연 현상으로 감소세를 보였다.전방시장별로 살펴보면 자동차 전장향 매출이 전년 동기 대비 55.5% 증가한 316억원을 달성했다. 미주, 유럽 및 중국지역 자동차 전장향 투자가 지속되고 있기 때문이다. 지역별로는 미주, 중국 및 동남아시아 지역의 성장이 견조한 가운데 유럽지역의 성장이 두드러졌다.박 연구원은 “올해 1분기 예상 실적은 매출액 776억원, 영업이익 131억원으로 전년 동기 대비 13.5%, 13.7% 증가하며 실적 회복세를 지속할 것”이라며 “미주, 유럽, 동남아시아 지역에서 신규투자가 확대되면서 실적 회복이 지속될 것으로 예상하기 때문”이라고 분석했다.이에 그는 “고영의 목표주가를 기존 1만7000원에서 1만9000원으로 11.8% 상향 조정한다”고 밝혔다."
 2023.01.20 09:12,"고영테크놀러지, 3D 검사 장비·솔루션 '美 SMT 시장 공략'","북미 최대 규모 SMT 전시회 참가지난해 1월 미국 캘리포니아주 샌디에이고에서 열린 'IPC APEX EXPO 2022'에 참가한 고영테크놀러지 전시 부스 전경 ​(서울=뉴스1) 임해중 기자 = 3D 반도체 검사 장비 전문기업 고영테크놀러지가 자체 개발한 3D 검사 장비와 솔루션으로 미국 SMT 시장 공략을 가속화한다.한국중견기업연합회 회원사 고영테크놀러지는 이달 24일부터 26일까지 미국 캘리포니아주 샌디에이고에서 열리는 'IPC APEX EXPO 2023'에 참가한다고 20일 밝혔다.'IPC APEX EXPO'는 북미 최대 규모의 SMT(표면실장기술, Surface Mount Technology) 전시회다. 매년 약 2만 6000여 명의 관람객이 방문한다. 올해는 야마하, 파나소닉, 한화 등 세계 400여 개 SMT 우수 기업이 대거 참여해 첨단 장비와 솔루션을 선보인다.고영테크놀러지는 전시회에서 세계 시장 점유율 1위의 납도포 검사 장비(Solder Paste Inspection: SPI)를 포함해 부품 실장 검사 장비(Automatic Optical Inspection: AOI), 3D PIN 자동 검사 장비(Automatic Pin Inspection: API) 등 주요 3D 검사 솔루션을 선보인다. 자동차 및 반도체 분야에서 수요가 늘고 있는 투명체 검사 장비(Dispensing Process Inspection: DPI)와 반도체 검사 장비, 스마트 팩토리 솔루션도 소개한다.비파괴 방식의 3D 투명체 검사 장비인 넵툰 시리즈(Neptune T, Neptune C+)는 머신러닝 알고리즘을 적용해 검사 정확도를 크게 높였다. 측정이 어려운 에폭시, 접착제 등 다양한 투명·반투명 소재의 정밀 검사도 가능하다.마이스터 디플러스(Meister D+)는 반도체 부품 외관과 표면을 동시에 측정할 수 있는 검사 장비다. 스마트 팩토리 공정 관리 솔루션 케이스마트(KSMART)는 인공지능을 활용한 검사 결과 자동 저장·분석, 최적화 기능을 통해 공정 관리를 완벽하게 자동화한다.조엘 스쿼치필드 고영테크놀러지 미국법인장은 ""핵심 3D 검사 장비를 포함해 최고 수준의 첨단 기술력을 선보이는 데 초점을 맞췄다""며 ""고객 맞춤형 솔루션을 앞세워 미국 SMT 시장을 적극 공략하겠다""고 말했다."
 2023.01.20 09:18,"고영테크놀러지, 3D 검사 장비·솔루션으로 미국 현지 SMT 시장 공략 가속화","			  세계 1위 3차원 반도체 검사 장비 전문기업 고영테크놀러지가 3D 검사 장비와 솔루션으로 미국 SMT 시장 공략을 가속화한다.고영테크놀러지는 오는 24일부터 26일까지 미국 캘리포니아주 샌디에이고에서 열리는 ‘IPC APEX EXPO 2023’에 참가한다고 20일 밝혔다.미국 샌디에이고에서 열린 IPC APEX EXPO 2022에 참가한 고영테크놀러지 현장 부스. /사진제공=고영테크놀러지‘IPC APEX EXPO’는 북미 최대 규모의 SMT(표면실장기술, Surface Mount Technology) 전시회로 매년 약 2만6000여명의 관람객이 방문한다. 올해는 야마하, 파나소닉, 한화 등 세계 400여개 SMT 우수 기업이 대거 참여해 첨단 장비와 솔루션을 선보인다.고영테크놀러지는 전시회에서 세계 시장 점유율 1위의 납도포 검사 장비(SPI)를 포함해 부품 실장 검사 장비(AOI), 3D PIN 자동 검사 장비(API) 등 주요 3D 검사 솔루션을 선보일 예정이다. 자동차 및 반도체 분야에서 수요가 늘고 있는 투명체 검사 장비(DPI)와 반도체 검사 장비, 스마트 팩토리 솔루션도 소개한다.업계 최초 비파괴 방식의 3D 투명체 검사 장비인 넵툰 시리즈(Neptune T, Neptune C+)는 머신러닝 알고리즘을 적용해 검사 정확도를 크게 높였다. 측정이 어려운 에폭시, 접착제 등 다양한 투명·반투명 소재의 정밀 검사도 가능하다.마이스터 디플러스(Meister D+)는 세계 최초로 반도체 부품 외관과 표면을 동시에 측정할 수 있는 검사 장비로 반도체 어드밴스드 패키징(Advanced Packaging) 후공정 분야에서 각광받고 있다.스마트 팩토리 공정 관리 솔루션 케이스마트(KSMART)는 인공지능을 활용한 검사 결과 자동 저장·분석, 최적화 기능을 통해 공정 관리를 완벽하게 자동화한다.조엘 스쿼치필드 고영테크놀러지 미국법인장은 “핵심 3D 검사 장비를 포함해 최고 수준의 첨단 기술력을 선보이는 데 초점을 맞췄다”며 “차별화된 고객 맞춤형 솔루션을 앞세워 미국 SMT 시장을 적극 공략해 해외 시장 점유율을 더욱 확대하고, 세계 1위 기업으로서 글로벌 위상을 명확하게 각인하기 위해 최선을 다할 것”이라고 강조했다."
 2023.01.20 09:39,"고영테크놀러지, 3D 검사 장비·솔루션으로 美시장 공략","24~26일 북미 최대 규모 SMT(표면실장기술) 전시회 ‘IPC APEX EXPO 2023’ 참가3D 납도포 검사 장비, 투명체 검사 장비 등 자체 솔루션 선보여미국 SMT 시장 공략 가속화[이데일리 김영환 기자] 세계 1위 3D 반도체 검사 장비 전문기업 고영테크놀러지(098460)가 자체 개발한 3D 검사 장비와 솔루션으로 미국 SMT 시장 공략을 가속화한다.2022년 1월 미국 캘리포니아주 샌디에이고에서 열린 ‘IPC APEX EXPO 2022’에 참가한 고영테크놀러지 전시 부스 전경(사진=고영테크놀러지)고영테크놀러지는 오는 24일부터 26일까지 미국 캘리포니아주 샌디에이고에서 열리는 ‘IPC APEX EXPO 2023’에 참가한다고 20일 밝혔다.‘IPC APEX EXPO’는 북미 최대 규모의 SMT(표면실장기술, Surface Mount Technology) 전시회로, 매년 약 2만 6000여 명의 관람객이 방문한다. 올해는 야마하, 파나소닉, 한화 등 세계 400여 개 SMT 우수 기업이 대거 참여해 첨단 장비와 솔루션을 선보인다.고영테크놀러지는 전시회에서 세계 시장 점유율 1위의 납도포 검사 장비(Solder Paste Inspection: SPI)를 포함해 부품 실장 검사 장비(Automatic Optical Inspection: AOI), 3D PIN 자동 검사 장비(Automatic Pin Inspection: API) 등 주요 3D 검사 솔루션을 선보일 예정이다. 자동차 및 반도체 분야에서 수요가 늘고 있는 투명체 검사 장비(Dispensing Process Inspection: DPI)와 반도체 검사 장비, 스마트 팩토리 솔루션도 소개한다.업계 최초 비파괴 방식의 3D 투명체 검사 장비인 넵툰 시리즈(Neptune T, Neptune C+)는 머신러닝 알고리즘을 적용해 검사 정확도를 크게 높였다. 측정이 어려운 에폭시, 접착제 등 다양한 투명·반투명 소재의 정밀 검사도 가능하다.마이스터 디플러스(Meister D+)는 세계 최초로 반도체 부품 외관과 표면을 동시에 측정할 수 있는 검사 장비로 반도체 어드밴스드 패키징(Advanced Packaging) 후공정 분야에서 각광받고 있다.스마트 팩토리 공정 관리 솔루션 케이스마트(KSMART)는 인공지능을 활용한 검사 결과 자동 저장·분석, 최적화 기능을 통해 공정 관리를 완벽하게 자동화한다.조엘 스쿼치필드 고영테크놀러지 미국법인장은 “핵심 3D 검사 장비를 포함해 최고 수준의 첨단 기술력을 선보이는 데 초점을 맞췄다”라면서, “차별화된 고객 맞춤형 솔루션을 앞세워 미국 SMT 시장을 적극 공략해 해외 시장 점유율을 더욱 확대하고, 세계 1위 기업으로서 글로벌 위상을 명확하게 각인하기 위해 최선을 다할 것”이라고 강조했다.(사진=고영테크놀러지)"
 2023.01.20 09:42,"고영테크놀러지, 3D 검사장비·솔루션 미국 공략 속도","기사내용 요약북미 최대 규모 SMT 전시회 참가[서울=뉴시스] 2022년 1월 미국 캘리포니아주 샌디에이고에서 열린 'IPC APEX EXPO 2022'에 참가한 고영테크놀러지 전시 부스 전경. (사진=한국중견기업연합회 제공) 2023.01.20. photo@newsis.com *재판매 및 DB 금지[서울=뉴시스]권안나 기자 = 세계 1위 3차원(3D) 반도체 검사 장비 기업 고영테크놀러지가 자체 개발한 3D 검사 장비와 솔루션으로 미국 표면실장기술(SMT) 시장 공략을 가속화한다.20일 한국중견기업연합회(중견련)에 따르면 고영테크놀러지는 24일부터 26일까지 미국 캘리포니아주 샌디에이고에서 열리는 'IPC APEX 엑스포 2023'에 참가한다.IPC APEX 엑스포는 북미 최대 규모의 SMT 전시회다. 매년 2만6000여명의 관람객이 방문한다. 올해는 야마하, 파나소닉, 한화 등 세계 400여개 SMT 우수 기업이 대거 참여해 첨단 장비와 솔루션을 선보인다.고영테크놀러지는 전시회에서 세계 시장 점유율 1위의 납도포 검사 장비(SPI)를 포함해 부품 실장 검사 장비(AOI), 3D PIN 자동 검사 장비(API) 등 주요 3D 검사 솔루션을 선보일 예정이다. 자동차 및 반도체 분야에서 수요가 늘고 있는 투명체 검사 장비(DPI)와 반도체 검사 장비, 스마트 팩토리 솔루션도 소개한다.조엘 스쿼치필드 고영테크놀러지 미국법인장은 ""핵심 3D 검사 장비를 포함해 최고 수준의 첨단 기술력을 선보이는 데 초점을 맞췄다""며 ""차별화된 고객 맞춤형 솔루션을 앞세워 미국 SMT 시장을 적극 공략해 해외 시장 점유율을 더욱 확대하고, 세계 1위 기업으로서 글로벌 위상을 명확하게 각인하기 위해 최선을 다할 것""이라고 강조했다. "
 2023.01.20 09:42,"고영테크놀러지, 3D 반도체 검사장비로 미국 시장 공략 박차","2022년 1월 미국 캘리포니아주 샌디에이고에서 열린 'IPC APEX EXPO 2022'에 참가한 고영테크놀러지 전시 부스 전경 ​한국중견기업연합회 제공세계 1위 3D 반도체 검사 장비 전문기업 고영테크놀러지가 자체 개발한 3D 검사 장비와 솔루션으로 미국 SMT 시장 공략을 가속화한다.중견기업연합회는 20일 회원사인 고영테크놀러지가 오는 24~26일 미국 샌디에이고에서 열리는 ‘IPC APEX EXPO 2023’에 참가한다고 밝혔다. IPC APEX EXPO는 북미 최대 규모의 SMT(표면실장기술) 전시회다. 매년 약 2만 6000명의 관람객이 방문한다. 올해는 야마하, 파나소닉, 한화 등 세계 400여개 SMT 우수 기업이 대거 참여해 첨단 장비와 솔루션을 선보인다.고영테크놀러지는 전시회에서 세계 시장 점유율 1위의 납도포 검사 장비(SPI)를 포함해 부품 실장 검사 장비(AOI), 3D PIN 자동 검사 장비(API) 등 주요 3D 검사 솔루션을 선보일 예정이다. 자동차 및 반도체 분야에서 수요가 늘고 있는 투명체 검사 장비(Dispensing Process Inspection: DPI)와 반도체 검사 장비, 스마트 팩토리 솔루션도 소개한다.업계 최초 비파괴 방식의 3D 투명체 검사 장비인 넵툰 시리즈(Neptune T, Neptune C+)는 머신러닝 알고리즘을 적용해 검사 정확도를 크게 높였다. 측정이 어려운 에폭시, 접착제 등 다양한 투명·반투명 소재의 정밀 검사도 가능하다.마이스터 디플러스는 세계 최초로 반도체 부품 외관과 표면을 동시에 측정할 수 있는 검사 장비로 반도체 어드밴스드 패키징 후공정 분야에서 각광받고 있다.스마트 팩토리 공정 관리 솔루션 케이스마트는 인공지능을 활용한 검사 결과 자동 저장·분석, 최적화 기능을 통해 공정 관리를 완벽하게 자동화한다.조엘 스쿼치필드 고영테크놀러지 미국법인장은 “핵심 3D 검사 장비를 포함해 최고 수준의 첨단 기술력을 선보이는 데 초점을 맞췄다”며 “차별화된 고객 맞춤형 솔루션을 앞세워 미국 SMT 시장을 적극 공략해 해외 시장 점유율을 더욱 확대하고, 세계 1위 기업으로서 글로벌 위상을 명확하게 각인하기 위해 최선을 다할 것”이라고 강조했다."
 2023.01.20 15:20,"고영테크놀러지, 美 표면실장기술 전시회 참가","3D 납도포 검사 장비·투명체 검사 장비 등자체 솔루션 선보여… SMT 시장 공략 가속화 지난해 미국 캘리포니아주 샌디에이고에서 열린 ‘IPC APEX EXPO 2022’에 참가한 고영테크놀러지 현장 부스 모습  <사진제공=중견련>세계 1위 3차원 반도체 검사 장비 전문기업 고영테크놀러지가 미국 캘리포니아주 샌디에이고에서 열리는 ‘IPC APEX EXPO 2023’에 참가한다. 고영테크놀로지는 자체 개발한 3D 검사 장비와 솔루션으로 미국 SMT(표면실장기술) 시장 공략을 가속화한다는 계획이다.20일 한국중견기업연합회 회원사 고영테크놀러지는 1월 24일부터 26일까지 미국 캘리포니아주 샌디에이고에서 열리는 ‘IPC APEX EXPO 2023’에 참가한다고 20일 밝혔다.‘IPC APEX EXPO’는 북미 최대 규모의 SMT(표면실장기술) 전시회다. 매년 약 2만 6000여 명의 관람객이 방문한다. 올해는 야마하, 파나소닉, 한화 등 세계 400여 개 SMT 우수 기업이 대거 참여해 첨단 장비와 솔루션을 선보인다.□ 고영테크놀러지는 전시회에서 세계 시장 점유율 1위의 납도포 검사 장비(SPI)를 포함해 부품 실장 검사 장비(AOI), 3D PIN 자동 검사 장비(API) 등 주요 3D 검사 솔루션을 선보일 예정이다. 자동차 및 반도체 분야에서 수요가 늘고 있는 투명체 검사 장비(DPI)와 반도체 검사 장비, 스마트 팩토리 솔루션도 소개한다.업계 최초 비파괴 방식의 3D 투명체 검사 장비인 넵툰 시리즈는 머신러닝 알고리즘을 적용해 검사 정확도를 크게 높였다. 측정이 어려운 에폭시, 접착제 등 다양한 투명·반투명 소재의 정밀 검사도 가능하다.마이스터 디플러스는 세계 최초로 반도체 부품 외관과 표면을 동시에 측정할 수 있는 검사 장비로 반도체 어드밴스드 패키징 후공정 분야에서 각광받고 있다.스마트 팩토리 공정 관리 솔루션 케이스마트(KSMART)는 인공지능을 활용한 검사 결과 자동 저장·분석, 최적화 기능을 통해 공정 관리를 완벽하게 자동화한다.□조엘 스쿼치필드 고영테크놀러지 미국법인장은 “핵심 3D 검사 장비를 포함해 최고 수준의 첨단 기술력을 선보이는 데 초점을 맞췄다”라면서, “차별화된 고객 맞춤형 솔루션을 앞세워 미국 SMT 시장을 적극 공략해 해외 시장 점유율을 더욱 확대하고, 세계 1위 기업으로서 글로벌 위상을 명확하게 각인하기 위해 최선을 다할 것”이라고 강조했다."
 2023.01.20 16:13,"고영, 반도체 3D검사 장비로 美 SMT 시장 공략","'에이펙스 엑스포 2023' 참가투명체 검사 장비 등 소개국산 반도체 검사 장비 전문기업 고영테크놀러지가 미국 표면실장기술(SMT) 시장 공략을 가속화한다. SMT는 전자부품을 인쇄회로기판(PCB) 표면에 올리고 납땜을 통해 부착하는 기술을 뜻한다.고영테크놀러지는 오는 24~26일 미국 캘리포니아주 샌디에이고에서 열리는 ‘에이펙스 엑스포(IPC APEX EXPO) 2023’에 참가한다고 20일 밝혔다. 에이펙스 엑스포는 북미 최대 규모의 SMT 전시회다. 매년 약 2만6000명의 관람객이 방문하는데 올해는 한화, 야마하, 파나소닉 등 세계 400여 개 SMT 기업이 참여해 첨단 장비와 솔루션을 선보인다.고영테크놀러지는 납도포 검사 장비(SPI) 세계 시장 점유율 1위 업체다. 이번 전시회에서 SPI를 포함해 부품 실장 검사 장비, 3차원(3D) 핀 자동 검사 장비 등 주요 3D 검사 솔루션을 전시한다. 자동차 및 반도체 분야에서 수요가 늘고 있는 투명체 검사 장비와 반도체 검사 장비, 스마트 공장 솔루션도 소개한다.고영테크놀러지는 업계 최초 비파괴 방식의 3D 투명체 검사 장비인 넵튭 시리즈에 머신러닝 알고리즘을 적용해 검사 정확도를 높였다. 측정이 어려운 에폭시, 접착제 등 다양한 투명·반투명 소재의 정밀 검사도 가능하다. 마이스터 디플러스는 세계 최초로 반도체 부품 외관과 표면을 동시에 측정할 수 있는 검사 장비다. 반도체 후공정 분야에서 주목받고 있다. 스마트 공장 공정 관리 솔루션인 케이스마트는 인공지능을 활용한 검사 결과 자동 저장·분석, 최적화 기능을 통해 공정 관리를 자동화했다."
 2023.02.10 09:05,"고영테크놀러지, 납도포 검사 장비 '세계일류상품' 갱신","기사내용 요약2007년 최초 선정 이후 다섯 번째 갱신[서울=뉴시스] 고영테크놀러지 장비 이미지. (사진=고영테크놀러지 제공) 2023.02.10. photo@newsis.com *재판매 및 DB 금지[서울=뉴시스]권안나 기자 = 세계 1위 3차원(3D) 반도체 검사 장비 전문기업 고영테크놀러지의 3차원 납도포 검사 장비(SPI)가 '세계일류상품' 자격을 이어간다. 10일 한국중견기업연합회(중견련)은 회원사 고영테크놀러지의 SPI가 다섯 번째로 세계일류상품 자격을 갱신했다고 밝혔다.고영테크놀러지의 3차원 SPI는 2021년 기준 세계 SPI 시장의 약 52%를 점유했다. 최고의 정밀도와 검사 신뢰성을 인정받아 2007년 처음 세계일류상품에 선정됐다. 3차원 측정기의 고질적인 결함인 그림자 효과와 난반사 문제를 해결한 특허 기술이 적용돼 검사 수준을 다른 차원으로 끌어올렸다는 평가를 받는다. 2019년 세계일류상품으로 데뷔한 3차원 부품 실장 검사 장비(AOI)도 3년마다 진행되는 자격 갱신 심사를 통과해 지난해에도 세계일류상품에 이름을 올렸다. 이 장비는 2016년부터 글로벌 시장 점유율 1위다. 고영테크놀러지의 3차원 AOI는 표면, 높낮이, 형상의 초고정밀 실측 데이터에 따른 3차원 검사 기능으로 들뜸 불량, 그림자 효과 문제 등 2차원 검사 장비의 결함을 해소했다.산업통상자원부가 주관하는 세계일류상품은 국산 제품의 글로벌 시장 선도와 수출 활성화를 지원하기 위해 2001년 신설됐다. 세계 시장 점유율 5위 이내, 5% 이상인 상품 중 선정한다. 또 세계 시장 규모가 연간 5000만달러 이상이고 국내 시장 규모의 2배 이상, 수출 규모가 연간 500만달러 이상인 품목을 대상으로 대한무역투자진흥공사(KOTRA)가 심의, 인증한다.고영테크놀러지 관계자는 ""세계일류상품은 단순한 명예가 아닌, 최고의 제품 경쟁력과 기술 수준에 대한 글로벌 고객사들의 신뢰를 재확인하는 뚜렷한 상징""이라며 ""반도체 패키징 공정의 초박형 납, 경면 부품 3차원 측정·검사 장비 마이스터 시리즈(Meister S, D, D+)와 측정이 어려운 투명·반투명 소재의 3차원 투명체 검사 장비 넵툰 시리즈(Neptune T, Neptune C+) 등 다양한 산업의 수요가 높은 혁신 솔루션을 앞세워 해외 시장 부동의 1위로서 위상을 강화해 나아갈 것""이라고 말했다. "
 2023.02.10 09:06,"고영테크놀러지, 3차원 납도포 검사장비 세계일류상품 갱신","한국중견기업연합회는 회원사 고영테크놀러지의 대표 장비인 3차원 납도포 검사 장비(SPI·사진)가 다섯 번째로 '세계일류상품' 자격을 갱신했다고 6일 밝혔다. 해당 장비는 정밀도와 검사 신뢰성을 인정받아 2007년 세계일류상품에 선정됐다. 3차원 측정기의 고질적인 결함인 그림자 효과와 난반사 문제를 해결한 특허 기술이 적용됐다. 2019년 세계일류상품으로 데뷔한 3차원 부품 실장 검사 장비(AOI)도 3년마다 진행되는 자격 갱신 심사를 통과했다. 3차원 검사 기능으로 들뜸 불량, 그림자 효과 문제 등 2차원 검사 장비의 결함을 해소했다. 세계일류상품은 세계 시장 점유율 5위 이내, 5% 이상인 상품 중 세계 시장 규모가 연간 5000만달러 이상이고 국내 시장 규모의 2배 이상, 수출 규모가 연간 500만달러 이상인 품목을 대상으로 대한무역투자진흥공사(KOTRA)가 심의, 인증한다. "
 2023.02.10 12:26,"고영테크놀러지, 3차원 납도포 검사 장비 등 ‘세계일류상품’ 자격 갱신","2007년 최초 선정 이후 다섯번째 ‘세계일류상품’ 자격 갱신2019년 선정된 부품 실장 검사 장비도 작년 갱신 심사 통과 16년 간 ‘세계일류상품’ 자격 유지한 고영테크놀러지의 3D 납도포 검사 장비(SPI).  [사진제공=한국중견기업연합회]세계 1위 3차원 반도체 검사 장비 전문기업 고영테크놀러지의 3차원 납도포 검사 장비(SPI)가 세계일류상품 자격을 갱신했다.한국중견기업연합회는 10일 회원사 고영테크놀러지 대표 장비인 3차원 납도포 검사 장비(SPI)가 다섯 번째로 ‘세계일류상품’ 자격을 갱신했다고 밝혔다.이 장비는 최고의 정밀도와 검사 신뢰성을 인정받아 2007년 최초로 ‘세계일류상품’에 선정됐다. 3차원 측정기의 고질적 결함인 그림자 효과와 난반사 문제를 해결한 특허 기술이 적용돼 검사 수준을 다른 차원으로 끌어올렸다는 평가다.고영테크놀러지의 3차원 부품 실장 검사 장비(AOI)는 표면, 높낮이, 형상의 초고정밀 실측 데이터에 따른 3차원 검사 기능으로 들뜸 불량, 그림자 효과 문제 등 2차원 검사 장비의 결함을 해소했다.고영테크놀러지 관계자는 “반도체 패키징 공정의 초박형 납(micro solder), 경면(mirror-surface) 부품 3차원 측정·검사 장비 마이스터 시리즈(Meister S, D, D+)와 측정이 어려운 투명·반투명 소재의 3차원 투명체 검사 장비 넵툰 시리즈(Neptune T, Neptune C+) 등 수요가 높은 혁신 솔루션을 앞세워 해외 시장 부동의 1위로서 위상을 강화해 나아갈 것”이라고 했다.산업통상자원부가 주관하는 ‘세계일류상품’은 국산 제품의 글로벌 시장 선도와 수출 활성화를 지원하기 위해 2001년 신설됐다. 세계 시장 점유율 5위 이내, 5% 이상인 상품 중 세계 시장 규모가 연간 50000만 달러 이상이고 국내 시장 규모의 2배 이상, 수출 규모가 연간 500만 달러 이상인 품목을 대상으로 대한무역투자진흥공사(KOTRA)가 심의해 인증한다."
 2023.02.10 17:16,"고영 3D납도포 검사 장비, 16년 연속 세계일류상품","16년 간 '세계일류상품' 자격 유지한 고영테크놀러지의 3D 납도포 검사 장비(SPI). 한국중견기업연합회 제공세계 1위 3차원(3D) 반도체 검사 장비 전문기업 고영테크놀러지의 3차원 납도포 검사 장비(SPI)가 16년 연속 ‘세계일류상품’ 타이틀을 이어간다. 한국중견기업연합회(중견련)은 회원사 고영테크놀러지의 SPI가 다섯 번째로 세계일류상품 자격을 갱신했다고 10일 밝혔다. 세계일류상품은 산업통상자원부가 2001년 국산 제품의 글로벌 시장 선도와 수출 활성화를 지원하기 위해 만든 제도다. 세계 시장 점유율 5위 이내, 5% 이상인 상품 중 선정한다. 또 세계 시장 규모가 연간 5000만달러 이상이고 국내 시장 규모의 2배 이상, 수출 규모가 연간 500만달러 이상인 품목을 대상으로 대한무역투자진흥공사(KOTRA)가 심의, 인증한다.고영테크놀러지의 3차원 SPI는 2021년 기준 세계 SPI 시장의 약 52%를 점유했다. 최고의 정밀도와 검사 신뢰성을 인정받아 2007년 처음 세계일류상품에 선정됐다.3차원 측정기의 고질적인 결함인 그림자 효과와 난반사 문제를 해결한 특허 기술이 적용돼 검사 수준을 다른 차원으로 끌어올렸다는 평가를 받는다.2019년 세계일류상품으로 데뷔한 3차원 부품 실장 검사 장비(AOI)도 3년마다 진행되는 자격 갱신 심사를 통과해 지난해에도 세계일류상품에 이름을 올렸다. 이 장비는 2016년부터 글로벌 시장 점유율 1위다.고영테크놀러지의 3차원 AOI는 표면, 높낮이, 형상의 초고정밀 실측 데이터에 따른 3차원 검사 기능으로 들뜸 불량, 그림자 효과 문제 등 2차원 검사 장비의 결함을 해소했다.고영테크놀러지 관계자는 “세계일류상품은 단순한 명예가 아닌, 최고의 제품 경쟁력과 기술 수준에 대한 글로벌 고객사들의 신뢰를 재확인하는 뚜렷한 상징”이라며 “반도체 패키징 공정의 초박형 납, 경면 부품 3차원 측정·검사 장비 마이스터 시리즈(Meister S, D, D+)와 측정이 어려운 투명·반투명 소재의 3차원 투명체 검사 장비 넵툰 시리즈(Neptune T, Neptune C+) 등 다양한 산업의 수요가 높은 혁신 솔루션을 앞세워 해외 시장 부동의 1위로서 위상을 강화해 나아갈 것”이라고 말했다."
 2023.02.14 17:08,"고영, 주당 140원 현금 배당 결정","			 [이데일리 이용성 기자] 고영(098460)은 주당 140원 현금 배당 결정을 했다고 14일 공시했다. 시가배당율은 1.0%, 배당금 총액은 93억8340만원이다. 배당 기준일은 지난해 12월 31일이다."
 2023.03.15 17:33,"고영 ""명품만 생존…K의료장비도 최고 될 것""","고광일 대표, 신시장 개척3D 부품 검사장비 세계 1위테슬라·지멘스도 주요 고객뇌수술 로봇 '카이메로' 개발FDA 승인 후 美 공략 채비전기차 확산에 연매출 11% 쑥고광일 고영테크놀러지 대표가 15일 용인 R&D센터에서 뇌수술 로봇을 소개하고 있다. /최형창 기자“의료산업에서는 ‘명품’만이 살아남습니다. 로봇산업 1세대로서 ‘K의료장비’의 명성을 높이는 데 일조하고 싶습니다.”고광일 고영테크놀러지 대표는 15일 경기 용인 연구개발(R&D)센터에서 한국경제신문과 만나 “의료시장이 고영의 미래”라는 비전을 제시했다. 코스닥시장 상장사인 고영은 3차원(3D) 납도포검사장비(SPI)와 3D 부품 실장 검사장비(AOI) 세계 시장 점유율 1위 기업이다. 세계 3200여 개 고객사에 3D 검사장비를 공급하고 있다. 3D SPI는 인쇄회로기판(PCB) 표면에서 납땜의 불량을 잡아낸다. AOI는 납땜 위에 다른 부품이 제대로 얹혀 있는지 검사하는 장비다. 테슬라, 지멘스 등 글로벌 기업이 고영의 고객사다.고영은 안정적으로 시장을 확보한 3D 반도체 검사 장비 분야에 안주하지 않고 의료 수술 로봇 시장에 뛰어들었다. 뇌수술용 로봇인 카이메로는 국내 여러 대형 병원 신경외과 수술실에 설치됐다. 수술 실적만 300건을 넘어섰다.뇌수술에서는 수술 장비의 정밀함이 중요하다. 카이메로는 인공지능(AI) 기술로 뇌 속 신경과 동맥 등을 건드리지 않고 길을 찾아준다. 또 뇌 심부에 전극을 심는 기능을 갖췄는데, 특히 파킨슨병 치료에 효과적이다. 로봇 몸체와 센서, 소프트웨어에 이르기까지 모두 자체 제작에 성공했다.서울대 졸업 후 미국 피츠버그대에서 로봇공학 박사학위를 받은 고 대표는 로봇 연구 1세대로 통한다. 1980년대 금성사(현 LG전자) 중앙연구소 로봇팀에 있었고, 미래산업연구소장을 거쳐 2002년 고영을 창업했다. 그는 최근 세계 최대 의료시장인 미국에 많은 공을 들이고 있다. 고 대표는 1년에 3개월가량은 미국에서 업무를 본다. 의료용 로봇은 현재 미국 식품의약국(FDA) 인증 작업 중이다. 그는 “내년 하반기에 승인될 것으로 기대한다”며 “승인 이후 로봇 몸체를 바꿔주는 방식으로 척추 수술 등에 응용할 것”이라고 설명했다.지난해 고영 매출은 2754억원으로 전년(2473억원) 대비 11.3% 증가했다. 영업이익은 442억원으로 전년(413억원)보다 7% 늘었다. 고 대표는 “10년 넘게 투자하고 있는 미국 의료시장에서 판매가 본격화하는 2025년부터 매출이 극대화될 것으로 예상한다”고 말했다.무인화 바람과 전기차 확산도 고영에 호재다. 고 대표는 “인건비 상승으로 무인화 수요가 굉장히 커지고 있는데 그럴수록 품질이 보장되고 공정을 최적화할 수 있는 고영의 장비를 많이 찾는다”고 했다. 전기차용 반도체 수요가 늘어나는 것에 비례해서 검사 관련 제품 판매도 늘고 있다.스마트 팩토리 공정 관리 솔루션은 고영의 미래 먹거리 중 하나다. 양산 데이터를 실시간으로 수집해 불량 발생 등을 최소화하는 식이다. 연초 1만3000원 안팎을 횡보하던 고영 주가는 기관 순매수가 이어지면서 최근 1만5000원대까지 올랐다.용인=최형창 기자 calling@hankyung.com"
 2023.04.14 14:37,"고영테크놀러지, 19~20일 기업설명회 개최",			 [서울=뉴시스] 김경택 기자 = 고영테크놀러지는 최근 경영실적 설명을 위해 오는 19~20일 국내 기관투자자를 대상으로 기업설명회를 개최한다고 14일 공시했다. 
 2023.04.18 16:23,"고영, 1분기 영업익 96억…전년비 16.8% ↓",			 [헤럴드경제=증권부] 고영은 1분기 연결기준 영업이익이 96억1100만원으로 전년동기대비 16.8% 감소했다고 18일 공시했다.같은 기간 매출액은 636억7800만원으로 6.8% 줄어든 것으로 잠정 집계됐다.
 2023.04.18 16:25,"고영, 1분기 영업익 96억…전년比 16.8%↓",			 [이데일리 김보겸 기자] 고영(098460)은 1분기 연결재무제표 기준 영업이익이 전년동기대비 16.8% 줄어든 96억1100만원으로 집계됐다고 18일 공시했다. 같은 기간 매출액은 6.8% 줄어든 636억7800만원으로 나타났다.
 2023.04.19 08:21,"[클릭 e종목]“고영, 자동차·IoT 매출 증가세 지속”","			 유진투자증권은 19일 고영에 대해 1분기 실적은 시장 전망치 평균(컨센서스)을 밑돌았지만 자동차 전장과 사물인터넷(IoT) 부문에서 매출이 증가하고 있다고 분석했다.전날 고영은 지난 1분기 매출액 637억원, 영업이익 96억원으로 전년 동기 대비 각각 6.8%, 16.8% 감소한 실적을 공시했다. 이는 컨센서스 매출액 768억원, 영업이익 129억원을 밑도는 수준이다.박종선 유진투자증권 연구원은 “비수기 및 글로벌 투자 둔화 영향으로 부진한 실적을 보였다”며 “제품별로는 3D SPI(납도포 검사기) 제품 및 반도체 검사장비(Meister), MOI 등을 포함한 기타(신사업) 부문이 감소세를 보였다”고 분석했다.이어 박종선 연구원은 “산업별로는 모바일 기기 및 서버향 매출이 급감했고 지역별로 보면 한국, 중국을 중심으로 전년 동기 대비 매출 감소세를 보였다”고 설명했다.그는 “1분기에서 긍정적인 모습은 3D AOI(자동광학검사)가 전년 동기 대비 5.7% 증가했고 산업별로는 북미, 유럽, 동남아를 중심으로 전기차향 투자가 확대되면서 자동차향 매출이 전년동기 대비 11.3% 증가한 점”이라고 밝혔다.또 그는 “IoT 향 매출도 전년 동기 대비 10.4% 증가했고 지역별로는 글로벌 생산거점 재배치에 따라 인도, 태국을 중심으로 동남아시아 지역 매출이 74.8% 늘었다”며 “유럽과 미주 지역도 자동차 전장, IoT 등에서 매출이 증가했다”고 분석했다.그는 고영의 올 2분기 실적이 전년과 비슷한 수준을 유지할 것으로 내다봤다. 그는 “고영의 2분기 연결 기준 예상 매출액과 영업이익은 각각 643억원, 98억원으로 전년 동기 대비 각각 1.3% 감소, 2.2% 증가할 것”으로 예상했다.아울러 그는 “현재 고영의 주가는 당사 추정 2023년 예상 EPS(740원) 기준, PER은 19.9배 수준으로 국내외 유사업체 및 주요기업의 평균 PER 31.7배 대비 할인돼 거래 중”이라고 덧붙였다."
 2023.04.20 08:30,"미래에셋증권 ""고영 실적 충격…목표주가 하향조정""","미래에셋증권 로고[미래에셋증권 제공. 재판매 및 DB금지]    (서울=연합뉴스) 윤선희 기자 = 미래에셋증권은 20일 고영이 시장 기대에 못 미치는 실적을 거뒀다며 목표주가를 2만1천원에서 1만8천원으로 낮췄다.    고영은 1분기 연결기준 영업이익이 작년 같은 기간보다 16.8% 줄어든 96억1천100만원으로 집계됐다고 밝혔다. 매출액은 636억7천800만원으로 6.8% 감소했다.     김충현 연구원은 ""고영은 1분기에 자동차와 사물인터넷(IoT) 분야의 선방에도 불구하고 경기침체로 서버부문과 소비자 수요 회복이 지연, 스마트폰 부문이 역성장하면서 어닝쇼크(실적 충격)를 기록했다""고 설명했다.     그는 ""3D 검사장비 수요가 높은 자동차 전장과 IoT부문 중심으로 상저하고의 실적개선이 기대된다""며 올해 고영 매출은 2천824억원으로 3% 늘어나고 영업이익은 441억원으로 0.3% 줄어들 것으로 전망했다.     김 연구원은 ""현재 주가는 12개월 선행 주가수익비율(PER) 기준 24배로 동종업계(30배) 대비 저평가돼 있다""며 고영 투자 의견은 매수를 유지했다.     indigo@yna.co.kr"
 2023.06.13 09:24,"고영 뇌수술용 의료로봇, 인천성모병원, 성빈센트병원에 공급","앞서 세브란스병원, 삼성서울병원에 판매국내 넘어 미국, 중국도 공략 계획고광일 고영테크놀러지 대표가 한국경제신문과 만나 의료수술용 로봇 카이메로를 소개하고 있다. 최형창 기자코스닥시장 상장사 고영테크놀러지의 뇌수술용 의료로봇이 인천성모병원과 성빈센트병원에 공급된다. 13일 고영에 따르면 두 병원은 고영의 뇌수술용 의료로봇 ‘카이메로’를 구매하기로 했다. 카이메로는 국내 최초로 뇌전증 수술에 필수적인 입체뇌파전극삽입술에 성공, 뇌수술 200례 이상을 달성하는 등 고난이도 뇌수술에 그동안 효과적으로 사용됐다. 그동안 세브란스병원과 삼성서울병원에서 사용됐는데 서울을 넘어 경기 서남부지역까지 확장된 셈이다. 최신 기술의 의료서비스를 지역주민들도 이용할 수 있게 되었다.'카이메로'는 수술부위의 최단경로를 확인해 절개위치로 자동 가이드 기능을 제공한다. 의사의 학습 곡선을 최소화하는 데 도움을 주며, 최소 침습을 통해 수술 정확성과 성공률을 높이는 장점이 있다. 이로 인해 수술 후 출혈이나 감염 등의 부작용이 줄어들고, 수술시간을 단축하여 마취 합병증의 위험도를 감소시키며 통증도 감소시킨다.인천성모병원은 국내 최초로 뇌질환 전문 진료기관인 뇌병원을 설립하여 풍부한 임상경험과 연구능력을 기반으로 뇌질환에 특화된 치료 패러다임을 구축하고 있다. 이번 ‘카이메로’ 도입을 통해 뇌질환 치료에 대한 전문성을 더욱 강화하여 최상의 의료서비스 제공을 목표로 하고 있다.성빈센트병원은 뇌신경과 관련된 다양한 뇌신경과 전문 전문치료센터를 운영하며, 고난도 뇌수술이 가능한 종합병원으로 알려져 있다. 성빈센트병원은 '카이메로'의 도입을 통해 로봇 수술을 활성화하고 국내에서 아직 초기 도입 단계인 입체뇌파전극삽입술(로봇보조 뇌전증수술)의 원내 도입을 목표로 하고 있다. 수도권 내 로봇보조 뇌수술을 활성화하기 위해 양 병원과 의료로봇 제조사인 고영테크놀러지가 의료 협진 체계 구축 등 협력을 강화해 나갈 계획이라고 밝혔다.고영은 이번 계기를 통해 수도권으로의 공급 확장을 시작으로 전국의 지역 거점병원으로 확장하겠다는 계획이다. 또, 국내에서 쌓은 실증 데이터를 통해 미국 식품의약국(FDA)와 중국 의약품관리국(NMPA)의 승인을 추진해 세계 의료로봇 시장을 공략할 계획이라고 밝혔다. 이를 통해 전국민이 뇌수술 로봇을 접할 수 있는 환경을 조성하고 의료로봇 기술의 세계 시장 개척을 목표로 하고 있다."
