<?xml version="1.0" encoding="UTF-8"?>
<!-- Generated by DART -->
<link:linkbase xmlns:link="http://www.xbrl.org/2003/linkbase" xmlns:xlink="http://www.w3.org/1999/xlink" xmlns:xsi="http://www.w3.org/2001/XMLSchema-instance" xmlns:xbrli="http://www.xbrl.org/2003/instance" xsi:schemaLocation="http://www.xbrl.org/2003/linkbase http://www.xbrl.org/2003/xbrl-linkbase-2003-12-31.xsd">
  <link:roleRef roleURI="http://www.xbrl.org/2009/role/negatedLabel" xlink:type="simple" xlink:href="http://www.xbrl.org/lrr/role/negated-2009-12-16.xsd#negatedLabel" />
  <link:roleRef roleURI="http://www.xbrl.org/2009/role/negatedTerseLabel" xlink:type="simple" xlink:href="http://www.xbrl.org/lrr/role/negated-2009-12-16.xsd#negatedTerseLabel" />
  <link:roleRef roleURI="http://www.xbrl.org/2009/role/negatedTotalLabel" xlink:type="simple" xlink:href="http://www.xbrl.org/lrr/role/negated-2009-12-16.xsd#negatedTotalLabel" />
  <link:roleRef roleURI="http://www.xbrl.org/2009/role/negatedPeriodStartLabel" xlink:type="simple" xlink:href="http://www.xbrl.org/lrr/role/negated-2009-12-16.xsd#negatedPeriodStartLabel" />
  <link:roleRef roleURI="http://www.xbrl.org/2009/role/negatedPeriodEndLabel" xlink:type="simple" xlink:href="http://www.xbrl.org/lrr/role/negated-2009-12-16.xsd#negatedPeriodEndLabel" />
  <link:roleRef roleURI="http://www.xbrl.org/2009/role/netLabel" xlink:type="simple" xlink:href="http://www.xbrl.org/lrr/role/net-2009-12-16.xsd#netLabel" />
  <link:roleRef roleURI="http://dart.fss.or.kr/role/2019-10-01/ifrs/dart_label" xlink:type="simple" xlink:href="http://dart.fss.or.kr/Resource/Taxonomy/ifrs/2019-10-01/ifrs_for_dart/rol_dart-label_2019-10-01.xsd#dartLabel" />
  <link:labelLink xlink:type="extended" xlink:role="http://www.xbrl.org/2003/role/link">
    <link:loc xlink:href="http://dart.fss.or.kr/Resource/Taxonomy/ifrs/2019-10-01/full_ifrs-cor_2019-03-27.xsd#ifrs-full_Revenue" xlink:label="Loc_ifrs-full_Revenue" xlink:type="locator" />
    <link:label xlink:type="resource" xlink:role="http://www.xbrl.org/2003/role/label" xlink:label="Label_label_ifrs-full_Revenue_en" xml:lang="en" id="Label_label_ifrs-full_Revenue_en">Sales</link:label>
    <link:labelArc xlink:arcrole="http://www.xbrl.org/2003/arcrole/concept-label" xlink:from="Loc_ifrs-full_Revenue" xlink:to="Label_label_ifrs-full_Revenue_en" xlink:type="arc" priority="1" />
    <link:loc xlink:href="http://dart.fss.or.kr/Resource/Taxonomy/ifrs/2019-10-01/dart_2019-10-01.xsd#dart_OperatingIncomeLoss" xlink:label="Loc_dart_OperatingIncomeLoss" xlink:type="locator" />
    <link:label xlink:type="resource" xlink:role="http://www.xbrl.org/2003/role/label" xlink:label="Label_label_dart_OperatingIncomeLoss_en" xml:lang="en" id="Label_label_dart_OperatingIncomeLoss_en">Operating income</link:label>
    <link:labelArc xlink:arcrole="http://www.xbrl.org/2003/arcrole/concept-label" xlink:from="Loc_dart_OperatingIncomeLoss" xlink:to="Label_label_dart_OperatingIncomeLoss_en" xlink:type="arc" priority="1" />
    <link:loc xlink:href="http://dart.fss.or.kr/Resource/Taxonomy/ifrs/2019-10-01/full_ifrs-cor_2019-03-27.xsd#ifrs-full_FinanceCosts" xlink:label="Loc_ifrs-full_FinanceCosts" xlink:type="locator" />
    <link:label xlink:type="resource" xlink:role="http://www.xbrl.org/2003/role/label" xlink:label="Label_label_ifrs-full_FinanceCosts_en" xml:lang="en" id="Label_label_ifrs-full_FinanceCosts_en">Finance expenses</link:label>
    <link:labelArc xlink:arcrole="http://www.xbrl.org/2003/arcrole/concept-label" xlink:from="Loc_ifrs-full_FinanceCosts" xlink:to="Label_label_ifrs-full_FinanceCosts_en" xlink:type="arc" priority="1" />
    <link:loc xlink:href="../00164779_entry_point_2020-12-21.xsd#entity00164779_udf_IS_202135145957138_StatementOfComprehensiveIncomeAbstract" xlink:label="Loc_entity00164779_udf_IS_202135145957138_StatementOfComprehensiveIncomeAbstract" xlink:type="locator" />
    <link:label xlink:type="resource" xlink:role="http://www.xbrl.org/2003/role/label" xlink:label="Label_label_entity00164779_udf_IS_202135145957138_StatementOfComprehensiveIncomeAbstract_en" xml:lang="en" id="Label_label_entity00164779_udf_IS_202135145957138_StatementOfComprehensiveIncomeAbstract_en">Other non-operating income</link:label>
    <link:labelArc xlink:arcrole="http://www.xbrl.org/2003/arcrole/concept-label" xlink:from="Loc_entity00164779_udf_IS_202135145957138_StatementOfComprehensiveIncomeAbstract" xlink:to="Label_label_entity00164779_udf_IS_202135145957138_StatementOfComprehensiveIncomeAbstract_en" xlink:type="arc" />
    <link:label xlink:type="resource" xlink:role="http://www.xbrl.org/2003/role/documentation" xlink:label="Label_entity00164779_udf_IS_202135145957138_StatementOfComprehensiveIncomeAbstract_en_doc" xml:lang="en">
    </link:label>
    <link:labelArc xlink:arcrole="http://www.xbrl.org/2003/arcrole/concept-label" xlink:from="Loc_entity00164779_udf_IS_202135145957138_StatementOfComprehensiveIncomeAbstract" xlink:to="Label_entity00164779_udf_IS_202135145957138_StatementOfComprehensiveIncomeAbstract_en_doc" xlink:type="arc" />
    <link:loc xlink:href="../00164779_entry_point_2020-12-21.xsd#entity00164779_udf_IS_2021351504307_StatementOfComprehensiveIncomeAbstract" xlink:label="Loc_entity00164779_udf_IS_2021351504307_StatementOfComprehensiveIncomeAbstract" xlink:type="locator" />
    <link:label xlink:type="resource" xlink:role="http://www.xbrl.org/2003/role/label" xlink:label="Label_label_entity00164779_udf_IS_2021351504307_StatementOfComprehensiveIncomeAbstract_en" xml:lang="en" id="Label_label_entity00164779_udf_IS_2021351504307_StatementOfComprehensiveIncomeAbstract_en">Other non-operating expense</link:label>
    <link:labelArc xlink:arcrole="http://www.xbrl.org/2003/arcrole/concept-label" xlink:from="Loc_entity00164779_udf_IS_2021351504307_StatementOfComprehensiveIncomeAbstract" xlink:to="Label_label_entity00164779_udf_IS_2021351504307_StatementOfComprehensiveIncomeAbstract_en" xlink:type="arc" />
    <link:label xlink:type="resource" xlink:role="http://www.xbrl.org/2003/role/documentation" xlink:label="Label_entity00164779_udf_IS_2021351504307_StatementOfComprehensiveIncomeAbstract_en_doc" xml:lang="en">
    </link:label>
    <link:labelArc xlink:arcrole="http://www.xbrl.org/2003/arcrole/concept-label" xlink:from="Loc_entity00164779_udf_IS_2021351504307_StatementOfComprehensiveIncomeAbstract" xlink:to="Label_entity00164779_udf_IS_2021351504307_StatementOfComprehensiveIncomeAbstract_en_doc" xlink:type="arc" />
    <link:loc xlink:href="http://dart.fss.or.kr/Resource/Taxonomy/ifrs/2019-10-01/full_ifrs-cor_2019-03-27.xsd#ifrs-full_ProfitLossBeforeTax" xlink:label="Loc_ifrs-full_ProfitLossBeforeTax" xlink:type="locator" />
    <link:label xlink:type="resource" xlink:role="http://www.xbrl.org/2003/role/label" xlink:label="Label_label_ifrs-full_ProfitLossBeforeTax_en" xml:lang="en" id="Label_label_ifrs-full_ProfitLossBeforeTax_en">Profit before tax</link:label>
    <link:labelArc xlink:arcrole="http://www.xbrl.org/2003/arcrole/concept-label" xlink:from="Loc_ifrs-full_ProfitLossBeforeTax" xlink:to="Label_label_ifrs-full_ProfitLossBeforeTax_en" xlink:type="arc" priority="1" />
    <link:loc xlink:href="http://dart.fss.or.kr/Resource/Taxonomy/ifrs/2019-10-01/full_ifrs-cor_2019-03-27.xsd#ifrs-full_ProfitLoss" xlink:label="Loc_ifrs-full_ProfitLoss" xlink:type="locator" />
    <link:label xlink:type="resource" xlink:role="http://www.xbrl.org/2003/role/label" xlink:label="Label_label_ifrs-full_ProfitLoss_en" xml:lang="en" id="Label_label_ifrs-full_ProfitLoss_en">Profit</link:label>
    <link:labelArc xlink:arcrole="http://www.xbrl.org/2003/arcrole/concept-label" xlink:from="Loc_ifrs-full_ProfitLoss" xlink:to="Label_label_ifrs-full_ProfitLoss_en" xlink:type="arc" priority="1" />
    <link:loc xlink:href="../00164779_entry_point_2020-12-21.xsd#entity00164779_udf_IS_20213515830978_OtherComprehensiveIncomeThatWillBeReclassifiedToProfitOrLossNetOfTax" xlink:label="Loc_entity00164779_udf_IS_20213515830978_OtherComprehensiveIncomeThatWillBeReclassifiedToProfitOrLossNetOfTax" xlink:type="locator" />
    <link:label xlink:type="resource" xlink:role="http://www.xbrl.org/2003/role/label" xlink:label="Label_label_entity00164779_udf_IS_20213515830978_OtherComprehensiveIncomeThatWillBeReclassifiedToProfitOrLossNetOfTax_en" xml:lang="en" id="Label_label_entity00164779_udf_IS_20213515830978_OtherComprehensiveIncomeThatWillBeReclassifiedToProfitOrLossNetOfTax_en">Gains (losses) on valuation of derivative financial instrument</link:label>
    <link:labelArc xlink:arcrole="http://www.xbrl.org/2003/arcrole/concept-label" xlink:from="Loc_entity00164779_udf_IS_20213515830978_OtherComprehensiveIncomeThatWillBeReclassifiedToProfitOrLossNetOfTax" xlink:to="Label_label_entity00164779_udf_IS_20213515830978_OtherComprehensiveIncomeThatWillBeReclassifiedToProfitOrLossNetOfTax_en" xlink:type="arc" />
    <link:label xlink:type="resource" xlink:role="http://www.xbrl.org/2003/role/documentation" xlink:label="Label_entity00164779_udf_IS_20213515830978_OtherComprehensiveIncomeThatWillBeReclassifiedToProfitOrLossNetOfTax_en_doc" xml:lang="en">
    </link:label>
    <link:labelArc xlink:arcrole="http://www.xbrl.org/2003/arcrole/concept-label" xlink:from="Loc_entity00164779_udf_IS_20213515830978_OtherComprehensiveIncomeThatWillBeReclassifiedToProfitOrLossNetOfTax" xlink:to="Label_entity00164779_udf_IS_20213515830978_OtherComprehensiveIncomeThatWillBeReclassifiedToProfitOrLossNetOfTax_en_doc" xlink:type="arc" />
    <link:loc xlink:href="http://dart.fss.or.kr/Resource/Taxonomy/ifrs/2019-10-01/dart_2019-10-01.xsd#dart_ShareOfOtherComprehensiveIncomeOfAssociatesAndJointVenturesAccountedForUsingEquityMethodThatWillBeReclassifiedToProfitOrLossNetOfTax" xlink:label="Loc_dart_ShareOfOtherComprehensiveIncomeOfAssociatesAndJointVenturesAccountedForUsingEquityMethodThatWillBeReclassifiedToProfitOrLossNetOfTax" xlink:type="locator" />
    <link:label xlink:type="resource" xlink:role="http://dart.fss.or.kr/role/2019-10-01/ifrs/dart_label" xlink:label="Label_dart_label_dart_ShareOfOtherComprehensiveIncomeOfAssociatesAndJointVenturesAccountedForUsingEquityMethodThatWillBeReclassifiedToProfitOrLossNetOfTax_en" xml:lang="en" id="Label_dart_label_dart_ShareOfOtherComprehensiveIncomeOfAssociatesAndJointVenturesAccountedForUsingEquityMethodThatWillBeReclassifiedToProfitOrLossNetOfTax_en">Share of other comprehensive income of associates</link:label>
    <link:labelArc xlink:arcrole="http://www.xbrl.org/2003/arcrole/concept-label" xlink:from="Loc_dart_ShareOfOtherComprehensiveIncomeOfAssociatesAndJointVenturesAccountedForUsingEquityMethodThatWillBeReclassifiedToProfitOrLossNetOfTax" xlink:to="Label_dart_label_dart_ShareOfOtherComprehensiveIncomeOfAssociatesAndJointVenturesAccountedForUsingEquityMethodThatWillBeReclassifiedToProfitOrLossNetOfTax_en" xlink:type="arc" priority="1" />
    <link:loc xlink:href="http://dart.fss.or.kr/Resource/Taxonomy/ifrs/2019-10-01/full_ifrs-cor_2019-03-27.xsd#ifrs-full_BasicEarningsLossPerShare" xlink:label="Loc_ifrs-full_BasicEarningsLossPerShare" xlink:type="locator" />
    <link:label xlink:type="resource" xlink:role="http://www.xbrl.org/2003/role/label" xlink:label="Label_label_ifrs-full_BasicEarningsLossPerShare_en" xml:lang="en" id="Label_label_ifrs-full_BasicEarningsLossPerShare_en">Basic earnings per share</link:label>
    <link:labelArc xlink:arcrole="http://www.xbrl.org/2003/arcrole/concept-label" xlink:from="Loc_ifrs-full_BasicEarningsLossPerShare" xlink:to="Label_label_ifrs-full_BasicEarningsLossPerShare_en" xlink:type="arc" priority="1" />
    <link:loc xlink:href="http://dart.fss.or.kr/Resource/Taxonomy/ifrs/2019-10-01/full_ifrs-cor_2019-03-27.xsd#ifrs-full_DilutedEarningsLossPerShare" xlink:label="Loc_ifrs-full_DilutedEarningsLossPerShare" xlink:type="locator" />
    <link:label xlink:type="resource" xlink:role="http://www.xbrl.org/2003/role/label" xlink:label="Label_label_ifrs-full_DilutedEarningsLossPerShare_en" xml:lang="en" id="Label_label_ifrs-full_DilutedEarningsLossPerShare_en">Diluted earnings per share</link:label>
    <link:labelArc xlink:arcrole="http://www.xbrl.org/2003/arcrole/concept-label" xlink:from="Loc_ifrs-full_DilutedEarningsLossPerShare" xlink:to="Label_label_ifrs-full_DilutedEarningsLossPerShare_en" xlink:type="arc" priority="1" />
    <link:loc xlink:href="../00164779_entry_point_2020-12-21.xsd#entity00164779_udf_IS_202012292018323_StatementOfComprehensiveIncomeAbstract" xlink:label="Loc_entity00164779_udf_IS_202012292018323_StatementOfComprehensiveIncomeAbstract" xlink:type="locator" />
    <link:label xlink:type="resource" xlink:role="http://www.xbrl.org/2003/role/label" xlink:label="Label_label_entity00164779_udf_IS_202012292018323_StatementOfComprehensiveIncomeAbstract_en" xml:lang="en" id="Label_label_entity00164779_udf_IS_202012292018323_StatementOfComprehensiveIncomeAbstract_en">Gains (Losses) on sale of investment accounted for using equity method</link:label>
    <link:labelArc xlink:arcrole="http://www.xbrl.org/2003/arcrole/concept-label" xlink:from="Loc_entity00164779_udf_IS_202012292018323_StatementOfComprehensiveIncomeAbstract" xlink:to="Label_label_entity00164779_udf_IS_202012292018323_StatementOfComprehensiveIncomeAbstract_en" xlink:type="arc" />
    <link:label xlink:type="resource" xlink:role="http://www.xbrl.org/2003/role/documentation" xlink:label="Label_entity00164779_udf_IS_202012292018323_StatementOfComprehensiveIncomeAbstract_en_doc" xml:lang="en">
    </link:label>
    <link:labelArc xlink:arcrole="http://www.xbrl.org/2003/arcrole/concept-label" xlink:from="Loc_entity00164779_udf_IS_202012292018323_StatementOfComprehensiveIncomeAbstract" xlink:to="Label_entity00164779_udf_IS_202012292018323_StatementOfComprehensiveIncomeAbstract_en_doc" xlink:type="arc" />
    <link:loc xlink:href="../00164779_entry_point_2020-12-21.xsd#entity00164779_udf_IS_2020122919587603_StatementOfComprehensiveIncomeAbstract" xlink:label="Loc_entity00164779_udf_IS_2020122919587603_StatementOfComprehensiveIncomeAbstract" xlink:type="locator" />
    <link:label xlink:type="resource" xlink:role="http://www.xbrl.org/2003/role/label" xlink:label="Label_label_entity00164779_udf_IS_2020122919587603_StatementOfComprehensiveIncomeAbstract_en" xml:lang="en" id="Label_label_entity00164779_udf_IS_2020122919587603_StatementOfComprehensiveIncomeAbstract_en">Other non-operating income</link:label>
    <link:labelArc xlink:arcrole="http://www.xbrl.org/2003/arcrole/concept-label" xlink:from="Loc_entity00164779_udf_IS_2020122919587603_StatementOfComprehensiveIncomeAbstract" xlink:to="Label_label_entity00164779_udf_IS_2020122919587603_StatementOfComprehensiveIncomeAbstract_en" xlink:type="arc" />
    <link:label xlink:type="resource" xlink:role="http://www.xbrl.org/2003/role/documentation" xlink:label="Label_entity00164779_udf_IS_2020122919587603_StatementOfComprehensiveIncomeAbstract_en_doc" xml:lang="en">
    </link:label>
    <link:labelArc xlink:arcrole="http://www.xbrl.org/2003/arcrole/concept-label" xlink:from="Loc_entity00164779_udf_IS_2020122919587603_StatementOfComprehensiveIncomeAbstract" xlink:to="Label_entity00164779_udf_IS_2020122919587603_StatementOfComprehensiveIncomeAbstract_en_doc" xlink:type="arc" />
    <link:loc xlink:href="../00164779_entry_point_2020-12-21.xsd#entity00164779_udf_IS_20201229195937796_StatementOfComprehensiveIncomeAbstract" xlink:label="Loc_entity00164779_udf_IS_20201229195937796_StatementOfComprehensiveIncomeAbstract" xlink:type="locator" />
    <link:label xlink:type="resource" xlink:role="http://www.xbrl.org/2003/role/label" xlink:label="Label_label_entity00164779_udf_IS_20201229195937796_StatementOfComprehensiveIncomeAbstract_en" xml:lang="en" id="Label_label_entity00164779_udf_IS_20201229195937796_StatementOfComprehensiveIncomeAbstract_en">Other non-operating expense</link:label>
    <link:labelArc xlink:arcrole="http://www.xbrl.org/2003/arcrole/concept-label" xlink:from="Loc_entity00164779_udf_IS_20201229195937796_StatementOfComprehensiveIncomeAbstract" xlink:to="Label_label_entity00164779_udf_IS_20201229195937796_StatementOfComprehensiveIncomeAbstract_en" xlink:type="arc" />
    <link:label xlink:type="resource" xlink:role="http://www.xbrl.org/2003/role/documentation" xlink:label="Label_entity00164779_udf_IS_20201229195937796_StatementOfComprehensiveIncomeAbstract_en_doc" xml:lang="en">
    </link:label>
    <link:labelArc xlink:arcrole="http://www.xbrl.org/2003/arcrole/concept-label" xlink:from="Loc_entity00164779_udf_IS_20201229195937796_StatementOfComprehensiveIncomeAbstract" xlink:to="Label_entity00164779_udf_IS_20201229195937796_StatementOfComprehensiveIncomeAbstract_en_doc" xlink:type="arc" />
    <link:loc xlink:href="../00164779_entry_point_2020-12-21.xsd#entity00164779_udf_IS_2020122919266538_OtherComprehensiveIncomeThatWillBeReclassifiedToProfitOrLossNetOfTax" xlink:label="Loc_entity00164779_udf_IS_2020122919266538_OtherComprehensiveIncomeThatWillBeReclassifiedToProfitOrLossNetOfTax" xlink:type="locator" />
    <link:label xlink:type="resource" xlink:role="http://www.xbrl.org/2003/role/label" xlink:label="Label_label_entity00164779_udf_IS_2020122919266538_OtherComprehensiveIncomeThatWillBeReclassifiedToProfitOrLossNetOfTax_en" xml:lang="en" id="Label_label_entity00164779_udf_IS_2020122919266538_OtherComprehensiveIncomeThatWillBeReclassifiedToProfitOrLossNetOfTax_en">Gains (losses) on valuation of derivative financial instrument</link:label>
    <link:labelArc xlink:arcrole="http://www.xbrl.org/2003/arcrole/concept-label" xlink:from="Loc_entity00164779_udf_IS_2020122919266538_OtherComprehensiveIncomeThatWillBeReclassifiedToProfitOrLossNetOfTax" xlink:to="Label_label_entity00164779_udf_IS_2020122919266538_OtherComprehensiveIncomeThatWillBeReclassifiedToProfitOrLossNetOfTax_en" xlink:type="arc" />
    <link:label xlink:type="resource" xlink:role="http://www.xbrl.org/2003/role/documentation" xlink:label="Label_entity00164779_udf_IS_2020122919266538_OtherComprehensiveIncomeThatWillBeReclassifiedToProfitOrLossNetOfTax_en_doc" xml:lang="en">
    </link:label>
    <link:labelArc xlink:arcrole="http://www.xbrl.org/2003/arcrole/concept-label" xlink:from="Loc_entity00164779_udf_IS_2020122919266538_OtherComprehensiveIncomeThatWillBeReclassifiedToProfitOrLossNetOfTax" xlink:to="Label_entity00164779_udf_IS_2020122919266538_OtherComprehensiveIncomeThatWillBeReclassifiedToProfitOrLossNetOfTax_en_doc" xlink:type="arc" />
    <link:loc xlink:href="http://dart.fss.or.kr/Resource/Taxonomy/ifrs/2019-10-01/full_ifrs-cor_2019-03-27.xsd#ifrs-full_ProfitLossAttributableToAbstract" xlink:label="Loc_ifrs-full_ProfitLossAttributableToAbstract" xlink:type="locator" />
    <link:label xlink:type="resource" xlink:role="http://www.xbrl.org/2003/role/label" xlink:label="Label_label_ifrs-full_ProfitLossAttributableToAbstract_en" xml:lang="en" id="Label_label_ifrs-full_ProfitLossAttributableToAbstract_en">Profit, attributable to</link:label>
    <link:labelArc xlink:arcrole="http://www.xbrl.org/2003/arcrole/concept-label" xlink:from="Loc_ifrs-full_ProfitLossAttributableToAbstract" xlink:to="Label_label_ifrs-full_ProfitLossAttributableToAbstract_en" xlink:type="arc" priority="1" />
    <link:loc xlink:href="../00164779_entry_point_2020-12-21.xsd#entity00164779_udf_CE_202135164115228_StatementOfChangesInEquityLineItems" xlink:label="Loc_entity00164779_udf_CE_202135164115228_StatementOfChangesInEquityLineItems" xlink:type="locator" />
    <link:label xlink:type="resource" xlink:role="http://www.xbrl.org/2003/role/label" xlink:label="Label_label_entity00164779_udf_CE_202135164115228_StatementOfChangesInEquityLineItems_en" xml:lang="en" id="Label_label_entity00164779_udf_CE_202135164115228_StatementOfChangesInEquityLineItems_en">Remeasurements of defined benefit plans</link:label>
    <link:labelArc xlink:arcrole="http://www.xbrl.org/2003/arcrole/concept-label" xlink:from="Loc_entity00164779_udf_CE_202135164115228_StatementOfChangesInEquityLineItems" xlink:to="Label_label_entity00164779_udf_CE_202135164115228_StatementOfChangesInEquityLineItems_en" xlink:type="arc" />
    <link:label xlink:type="resource" xlink:role="http://www.xbrl.org/2003/role/documentation" xlink:label="Label_entity00164779_udf_CE_202135164115228_StatementOfChangesInEquityLineItems_en_doc" xml:lang="en">
    </link:label>
    <link:labelArc xlink:arcrole="http://www.xbrl.org/2003/arcrole/concept-label" xlink:from="Loc_entity00164779_udf_CE_202135164115228_StatementOfChangesInEquityLineItems" xlink:to="Label_entity00164779_udf_CE_202135164115228_StatementOfChangesInEquityLineItems_en_doc" xlink:type="arc" />
    <link:loc xlink:href="http://dart.fss.or.kr/Resource/Taxonomy/ifrs/2019-10-01/dart_2019-10-01.xsd#dart_ChangesInReserveOfGainsAndLossesOnHedgingInstrumentsThatHedgeInvestmentsInEquityInstruments" xlink:label="Loc_dart_ChangesInReserveOfGainsAndLossesOnHedgingInstrumentsThatHedgeInvestmentsInEquityInstruments" xlink:type="locator" />
    <link:label xlink:type="resource" xlink:role="http://www.xbrl.org/2003/role/label" xlink:label="Label_label_dart_ChangesInReserveOfGainsAndLossesOnHedgingInstrumentsThatHedgeInvestmentsInEquityInstruments_en" xml:lang="en" id="Label_label_dart_ChangesInReserveOfGainsAndLossesOnHedgingInstrumentsThatHedgeInvestmentsInEquityInstruments_en">Net Loss(Gain) on Valuation of Derivatives</link:label>
    <link:labelArc xlink:arcrole="http://www.xbrl.org/2003/arcrole/concept-label" xlink:from="Loc_dart_ChangesInReserveOfGainsAndLossesOnHedgingInstrumentsThatHedgeInvestmentsInEquityInstruments" xlink:to="Label_label_dart_ChangesInReserveOfGainsAndLossesOnHedgingInstrumentsThatHedgeInvestmentsInEquityInstruments_en" xlink:type="arc" priority="1" />
    <link:loc xlink:href="../00164779_entry_point_2020-12-21.xsd#entity00164779_udf_CE_202186143157424_StatementOfChangesInEquityLineItems" xlink:label="Loc_entity00164779_udf_CE_202186143157424_StatementOfChangesInEquityLineItems" xlink:type="locator" />
    <link:label xlink:type="resource" xlink:role="http://www.xbrl.org/2003/role/label" xlink:label="Label_label_entity00164779_udf_CE_202186143157424_StatementOfChangesInEquityLineItems_en" xml:lang="en" id="Label_label_entity00164779_udf_CE_202186143157424_StatementOfChangesInEquityLineItems_en">Disposition of treasury shares</link:label>
    <link:labelArc xlink:arcrole="http://www.xbrl.org/2003/arcrole/concept-label" xlink:from="Loc_entity00164779_udf_CE_202186143157424_StatementOfChangesInEquityLineItems" xlink:to="Label_label_entity00164779_udf_CE_202186143157424_StatementOfChangesInEquityLineItems_en" xlink:type="arc" />
    <link:label xlink:type="resource" xlink:role="http://www.xbrl.org/2003/role/documentation" xlink:label="Label_entity00164779_udf_CE_202186143157424_StatementOfChangesInEquityLineItems_en_doc" xml:lang="en">
    </link:label>
    <link:labelArc xlink:arcrole="http://www.xbrl.org/2003/arcrole/concept-label" xlink:from="Loc_entity00164779_udf_CE_202186143157424_StatementOfChangesInEquityLineItems" xlink:to="Label_entity00164779_udf_CE_202186143157424_StatementOfChangesInEquityLineItems_en_doc" xlink:type="arc" />
    <link:loc xlink:href="../00164779_entry_point_2020-12-21.xsd#entity00164779_udf_CE_20213516420936_StatementOfChangesInEquityLineItems" xlink:label="Loc_entity00164779_udf_CE_20213516420936_StatementOfChangesInEquityLineItems" xlink:type="locator" />
    <link:label xlink:type="resource" xlink:role="http://www.xbrl.org/2003/role/label" xlink:label="Label_label_entity00164779_udf_CE_20213516420936_StatementOfChangesInEquityLineItems_en" xml:lang="en" id="Label_label_entity00164779_udf_CE_20213516420936_StatementOfChangesInEquityLineItems_en">Granted stock option/Exercising stock option</link:label>
    <link:labelArc xlink:arcrole="http://www.xbrl.org/2003/arcrole/concept-label" xlink:from="Loc_entity00164779_udf_CE_20213516420936_StatementOfChangesInEquityLineItems" xlink:to="Label_label_entity00164779_udf_CE_20213516420936_StatementOfChangesInEquityLineItems_en" xlink:type="arc" />
    <link:label xlink:type="resource" xlink:role="http://www.xbrl.org/2003/role/documentation" xlink:label="Label_entity00164779_udf_CE_20213516420936_StatementOfChangesInEquityLineItems_en_doc" xml:lang="en">
    </link:label>
    <link:labelArc xlink:arcrole="http://www.xbrl.org/2003/arcrole/concept-label" xlink:from="Loc_entity00164779_udf_CE_20213516420936_StatementOfChangesInEquityLineItems" xlink:to="Label_entity00164779_udf_CE_20213516420936_StatementOfChangesInEquityLineItems_en_doc" xlink:type="arc" />
    <link:loc xlink:href="../00164779_entry_point_2020-12-21.xsd#entity00164779_udf_CE_202337171034880_StatementOfChangesInEquityLineItems" xlink:label="Loc_entity00164779_udf_CE_202337171034880_StatementOfChangesInEquityLineItems" xlink:type="locator" />
    <link:label xlink:type="resource" xlink:role="http://www.xbrl.org/2003/role/label" xlink:label="Label_label_entity00164779_udf_CE_202337171034880_StatementOfChangesInEquityLineItems_en" xml:lang="en" id="Label_label_entity00164779_udf_CE_202337171034880_StatementOfChangesInEquityLineItems_en">Change in stock option terms</link:label>
    <link:labelArc xlink:arcrole="http://www.xbrl.org/2003/arcrole/concept-label" xlink:from="Loc_entity00164779_udf_CE_202337171034880_StatementOfChangesInEquityLineItems" xlink:to="Label_label_entity00164779_udf_CE_202337171034880_StatementOfChangesInEquityLineItems_en" xlink:type="arc" />
    <link:label xlink:type="resource" xlink:role="http://www.xbrl.org/2003/role/documentation" xlink:label="Label_entity00164779_udf_CE_202337171034880_StatementOfChangesInEquityLineItems_en_doc" xml:lang="en">
    </link:label>
    <link:labelArc xlink:arcrole="http://www.xbrl.org/2003/arcrole/concept-label" xlink:from="Loc_entity00164779_udf_CE_202337171034880_StatementOfChangesInEquityLineItems" xlink:to="Label_entity00164779_udf_CE_202337171034880_StatementOfChangesInEquityLineItems_en_doc" xlink:type="arc" />
    <link:loc xlink:href="../00164779_entry_point_2020-12-21.xsd#entity00164779_udf_CE_202133143425284_StatementOfChangesInEquityLineItems" xlink:label="Loc_entity00164779_udf_CE_202133143425284_StatementOfChangesInEquityLineItems" xlink:type="locator" />
    <link:label xlink:type="resource" xlink:role="http://www.xbrl.org/2003/role/label" xlink:label="Label_label_entity00164779_udf_CE_202133143425284_StatementOfChangesInEquityLineItems_en" xml:lang="en" id="Label_label_entity00164779_udf_CE_202133143425284_StatementOfChangesInEquityLineItems_en">Remeasurements of defined benefit plans</link:label>
    <link:labelArc xlink:arcrole="http://www.xbrl.org/2003/arcrole/concept-label" xlink:from="Loc_entity00164779_udf_CE_202133143425284_StatementOfChangesInEquityLineItems" xlink:to="Label_label_entity00164779_udf_CE_202133143425284_StatementOfChangesInEquityLineItems_en" xlink:type="arc" />
    <link:label xlink:type="resource" xlink:role="http://www.xbrl.org/2003/role/documentation" xlink:label="Label_entity00164779_udf_CE_202133143425284_StatementOfChangesInEquityLineItems_en_doc" xml:lang="en">
    </link:label>
    <link:labelArc xlink:arcrole="http://www.xbrl.org/2003/arcrole/concept-label" xlink:from="Loc_entity00164779_udf_CE_202133143425284_StatementOfChangesInEquityLineItems" xlink:to="Label_entity00164779_udf_CE_202133143425284_StatementOfChangesInEquityLineItems_en_doc" xlink:type="arc" />
    <link:loc xlink:href="../00164779_entry_point_2020-12-21.xsd#entity00164779_udf_CE_2021341723963_StatementOfChangesInEquityLineItems" xlink:label="Loc_entity00164779_udf_CE_2021341723963_StatementOfChangesInEquityLineItems" xlink:type="locator" />
    <link:label xlink:type="resource" xlink:role="http://www.xbrl.org/2003/role/label" xlink:label="Label_label_entity00164779_udf_CE_2021341723963_StatementOfChangesInEquityLineItems_en" xml:lang="en" id="Label_label_entity00164779_udf_CE_2021341723963_StatementOfChangesInEquityLineItems_en">Share of Other Comprehensive Income of Associates</link:label>
    <link:labelArc xlink:arcrole="http://www.xbrl.org/2003/arcrole/concept-label" xlink:from="Loc_entity00164779_udf_CE_2021341723963_StatementOfChangesInEquityLineItems" xlink:to="Label_label_entity00164779_udf_CE_2021341723963_StatementOfChangesInEquityLineItems_en" xlink:type="arc" />
    <link:label xlink:type="resource" xlink:role="http://www.xbrl.org/2003/role/documentation" xlink:label="Label_entity00164779_udf_CE_2021341723963_StatementOfChangesInEquityLineItems_en_doc" xml:lang="en">
    </link:label>
    <link:labelArc xlink:arcrole="http://www.xbrl.org/2003/arcrole/concept-label" xlink:from="Loc_entity00164779_udf_CE_2021341723963_StatementOfChangesInEquityLineItems" xlink:to="Label_entity00164779_udf_CE_2021341723963_StatementOfChangesInEquityLineItems_en_doc" xlink:type="arc" />
    <link:loc xlink:href="../00164779_entry_point_2020-12-21.xsd#entity00164779_udf_CE_20213417137584_StatementOfChangesInEquityLineItems" xlink:label="Loc_entity00164779_udf_CE_20213417137584_StatementOfChangesInEquityLineItems" xlink:type="locator" />
    <link:label xlink:type="resource" xlink:role="http://www.xbrl.org/2003/role/label" xlink:label="Label_label_entity00164779_udf_CE_20213417137584_StatementOfChangesInEquityLineItems_en" xml:lang="en" id="Label_label_entity00164779_udf_CE_20213417137584_StatementOfChangesInEquityLineItems_en">Foreign exchange differences of Foreign operation</link:label>
    <link:labelArc xlink:arcrole="http://www.xbrl.org/2003/arcrole/concept-label" xlink:from="Loc_entity00164779_udf_CE_20213417137584_StatementOfChangesInEquityLineItems" xlink:to="Label_label_entity00164779_udf_CE_20213417137584_StatementOfChangesInEquityLineItems_en" xlink:type="arc" />
    <link:label xlink:type="resource" xlink:role="http://www.xbrl.org/2003/role/documentation" xlink:label="Label_entity00164779_udf_CE_20213417137584_StatementOfChangesInEquityLineItems_en_doc" xml:lang="en">
    </link:label>
    <link:labelArc xlink:arcrole="http://www.xbrl.org/2003/arcrole/concept-label" xlink:from="Loc_entity00164779_udf_CE_20213417137584_StatementOfChangesInEquityLineItems" xlink:to="Label_entity00164779_udf_CE_20213417137584_StatementOfChangesInEquityLineItems_en_doc" xlink:type="arc" />
    <link:loc xlink:href="../00164779_entry_point_2020-12-21.xsd#entity00164779_udf_CE_20218615339590_StatementOfChangesInEquityLineItems" xlink:label="Loc_entity00164779_udf_CE_20218615339590_StatementOfChangesInEquityLineItems" xlink:type="locator" />
    <link:label xlink:type="resource" xlink:role="http://www.xbrl.org/2003/role/label" xlink:label="Label_label_entity00164779_udf_CE_20218615339590_StatementOfChangesInEquityLineItems_en" xml:lang="en" id="Label_label_entity00164779_udf_CE_20218615339590_StatementOfChangesInEquityLineItems_en">Loss on non-controlling interest</link:label>
    <link:labelArc xlink:arcrole="http://www.xbrl.org/2003/arcrole/concept-label" xlink:from="Loc_entity00164779_udf_CE_20218615339590_StatementOfChangesInEquityLineItems" xlink:to="Label_label_entity00164779_udf_CE_20218615339590_StatementOfChangesInEquityLineItems_en" xlink:type="arc" />
    <link:label xlink:type="resource" xlink:role="http://www.xbrl.org/2003/role/documentation" xlink:label="Label_entity00164779_udf_CE_20218615339590_StatementOfChangesInEquityLineItems_en_doc" xml:lang="en">
    </link:label>
    <link:labelArc xlink:arcrole="http://www.xbrl.org/2003/arcrole/concept-label" xlink:from="Loc_entity00164779_udf_CE_20218615339590_StatementOfChangesInEquityLineItems" xlink:to="Label_entity00164779_udf_CE_20218615339590_StatementOfChangesInEquityLineItems_en_doc" xlink:type="arc" />
    <link:loc xlink:href="../00164779_entry_point_2020-12-21.xsd#entity00164779_udf_CE_20218615942763_StatementOfChangesInEquityLineItems" xlink:label="Loc_entity00164779_udf_CE_20218615942763_StatementOfChangesInEquityLineItems" xlink:type="locator" />
    <link:label xlink:type="resource" xlink:role="http://www.xbrl.org/2003/role/label" xlink:label="Label_label_entity00164779_udf_CE_20218615942763_StatementOfChangesInEquityLineItems_en" xml:lang="en" id="Label_label_entity00164779_udf_CE_20218615942763_StatementOfChangesInEquityLineItems_en">Disposition of treasury shares</link:label>
    <link:labelArc xlink:arcrole="http://www.xbrl.org/2003/arcrole/concept-label" xlink:from="Loc_entity00164779_udf_CE_20218615942763_StatementOfChangesInEquityLineItems" xlink:to="Label_label_entity00164779_udf_CE_20218615942763_StatementOfChangesInEquityLineItems_en" xlink:type="arc" />
    <link:label xlink:type="resource" xlink:role="http://www.xbrl.org/2003/role/documentation" xlink:label="Label_entity00164779_udf_CE_20218615942763_StatementOfChangesInEquityLineItems_en_doc" xml:lang="en">
    </link:label>
    <link:labelArc xlink:arcrole="http://www.xbrl.org/2003/arcrole/concept-label" xlink:from="Loc_entity00164779_udf_CE_20218615942763_StatementOfChangesInEquityLineItems" xlink:to="Label_entity00164779_udf_CE_20218615942763_StatementOfChangesInEquityLineItems_en_doc" xlink:type="arc" />
    <link:loc xlink:href="../00164779_entry_point_2020-12-21.xsd#entity00164779_udf_CE_20213417741504_StatementOfChangesInEquityLineItems" xlink:label="Loc_entity00164779_udf_CE_20213417741504_StatementOfChangesInEquityLineItems" xlink:type="locator" />
    <link:label xlink:type="resource" xlink:role="http://www.xbrl.org/2003/role/label" xlink:label="Label_label_entity00164779_udf_CE_20213417741504_StatementOfChangesInEquityLineItems_en" xml:lang="en" id="Label_label_entity00164779_udf_CE_20213417741504_StatementOfChangesInEquityLineItems_en">Granted stock option/Exercising stock option</link:label>
    <link:labelArc xlink:arcrole="http://www.xbrl.org/2003/arcrole/concept-label" xlink:from="Loc_entity00164779_udf_CE_20213417741504_StatementOfChangesInEquityLineItems" xlink:to="Label_label_entity00164779_udf_CE_20213417741504_StatementOfChangesInEquityLineItems_en" xlink:type="arc" />
    <link:label xlink:type="resource" xlink:role="http://www.xbrl.org/2003/role/documentation" xlink:label="Label_entity00164779_udf_CE_20213417741504_StatementOfChangesInEquityLineItems_en_doc" xml:lang="en">
    </link:label>
    <link:labelArc xlink:arcrole="http://www.xbrl.org/2003/arcrole/concept-label" xlink:from="Loc_entity00164779_udf_CE_20213417741504_StatementOfChangesInEquityLineItems" xlink:to="Label_entity00164779_udf_CE_20213417741504_StatementOfChangesInEquityLineItems_en_doc" xlink:type="arc" />
    <link:loc xlink:href="../00164779_entry_point_2020-12-21.xsd#entity00164779_udf_CE_2023371615178_StatementOfChangesInEquityLineItems" xlink:label="Loc_entity00164779_udf_CE_2023371615178_StatementOfChangesInEquityLineItems" xlink:type="locator" />
    <link:label xlink:type="resource" xlink:role="http://www.xbrl.org/2003/role/label" xlink:label="Label_label_entity00164779_udf_CE_2023371615178_StatementOfChangesInEquityLineItems_en" xml:lang="en" id="Label_label_entity00164779_udf_CE_2023371615178_StatementOfChangesInEquityLineItems_en">Change of stock option conditions</link:label>
    <link:labelArc xlink:arcrole="http://www.xbrl.org/2003/arcrole/concept-label" xlink:from="Loc_entity00164779_udf_CE_2023371615178_StatementOfChangesInEquityLineItems" xlink:to="Label_label_entity00164779_udf_CE_2023371615178_StatementOfChangesInEquityLineItems_en" xlink:type="arc" />
    <link:label xlink:type="resource" xlink:role="http://www.xbrl.org/2003/role/documentation" xlink:label="Label_entity00164779_udf_CE_2023371615178_StatementOfChangesInEquityLineItems_en_doc" xml:lang="en">
    </link:label>
    <link:labelArc xlink:arcrole="http://www.xbrl.org/2003/arcrole/concept-label" xlink:from="Loc_entity00164779_udf_CE_2023371615178_StatementOfChangesInEquityLineItems" xlink:to="Label_entity00164779_udf_CE_2023371615178_StatementOfChangesInEquityLineItems_en_doc" xlink:type="arc" />
    <link:loc xlink:href="../00164779_entry_point_2020-12-21.xsd#entity00164779_udf_CF_2021371138139_CashFlowsFromUsedInOperatingActivities" xlink:label="Loc_entity00164779_udf_CF_2021371138139_CashFlowsFromUsedInOperatingActivities" xlink:type="locator" />
    <link:label xlink:type="resource" xlink:role="http://www.xbrl.org/2003/role/label" xlink:label="Label_label_entity00164779_udf_CF_2021371138139_CashFlowsFromUsedInOperatingActivities_en" xml:lang="en" id="Label_label_entity00164779_udf_CF_2021371138139_CashFlowsFromUsedInOperatingActivities_en">Cash flows from (used in) operating activities</link:label>
    <link:labelArc xlink:arcrole="http://www.xbrl.org/2003/arcrole/concept-label" xlink:from="Loc_entity00164779_udf_CF_2021371138139_CashFlowsFromUsedInOperatingActivities" xlink:to="Label_label_entity00164779_udf_CF_2021371138139_CashFlowsFromUsedInOperatingActivities_en" xlink:type="arc" />
    <link:label xlink:type="resource" xlink:role="http://www.xbrl.org/2003/role/documentation" xlink:label="Label_entity00164779_udf_CF_2021371138139_CashFlowsFromUsedInOperatingActivities_en_doc" xml:lang="en">
    </link:label>
    <link:labelArc xlink:arcrole="http://www.xbrl.org/2003/arcrole/concept-label" xlink:from="Loc_entity00164779_udf_CF_2021371138139_CashFlowsFromUsedInOperatingActivities" xlink:to="Label_entity00164779_udf_CF_2021371138139_CashFlowsFromUsedInOperatingActivities_en_doc" xlink:type="arc" />
    <link:loc xlink:href="http://dart.fss.or.kr/Resource/Taxonomy/ifrs/2019-10-01/dart_2019-10-01.xsd#dart_ProceedsFromSalesOfShortTermFinancialInstruments" xlink:label="Loc_dart_ProceedsFromSalesOfShortTermFinancialInstruments" xlink:type="locator" />
    <link:label xlink:type="resource" xlink:role="http://www.xbrl.org/2003/role/label" xlink:label="Label_label_dart_ProceedsFromSalesOfShortTermFinancialInstruments_en" xml:lang="en" id="Label_label_dart_ProceedsFromSalesOfShortTermFinancialInstruments_en">Decrease of short term Financial Instruments</link:label>
    <link:labelArc xlink:arcrole="http://www.xbrl.org/2003/arcrole/concept-label" xlink:from="Loc_dart_ProceedsFromSalesOfShortTermFinancialInstruments" xlink:to="Label_label_dart_ProceedsFromSalesOfShortTermFinancialInstruments_en" xlink:type="arc" priority="1" />
    <link:loc xlink:href="http://dart.fss.or.kr/Resource/Taxonomy/ifrs/2019-10-01/dart_2019-10-01.xsd#dart_PurchaseOfShortTermFinancialInstruments" xlink:label="Loc_dart_PurchaseOfShortTermFinancialInstruments" xlink:type="locator" />
    <link:label xlink:type="resource" xlink:role="http://www.xbrl.org/2003/role/label" xlink:label="Label_label_dart_PurchaseOfShortTermFinancialInstruments_en" xml:lang="en" id="Label_label_dart_PurchaseOfShortTermFinancialInstruments_en">Increase of short term Financial Instruments</link:label>
    <link:labelArc xlink:arcrole="http://www.xbrl.org/2003/arcrole/concept-label" xlink:from="Loc_dart_PurchaseOfShortTermFinancialInstruments" xlink:to="Label_label_dart_PurchaseOfShortTermFinancialInstruments_en" xlink:type="arc" priority="1" />
    <link:loc xlink:href="../00164779_entry_point_2020-12-21.xsd#entity00164779_udf_CF_202137114116349_CashFlowsFromUsedInInvestingActivities" xlink:label="Loc_entity00164779_udf_CF_202137114116349_CashFlowsFromUsedInInvestingActivities" xlink:type="locator" />
    <link:label xlink:type="resource" xlink:role="http://www.xbrl.org/2003/role/label" xlink:label="Label_label_entity00164779_udf_CF_202137114116349_CashFlowsFromUsedInInvestingActivities_en" xml:lang="en" id="Label_label_entity00164779_udf_CF_202137114116349_CashFlowsFromUsedInInvestingActivities_en">Net increase (decrease) from sales of short-term investments</link:label>
    <link:labelArc xlink:arcrole="http://www.xbrl.org/2003/arcrole/concept-label" xlink:from="Loc_entity00164779_udf_CF_202137114116349_CashFlowsFromUsedInInvestingActivities" xlink:to="Label_label_entity00164779_udf_CF_202137114116349_CashFlowsFromUsedInInvestingActivities_en" xlink:type="arc" />
    <link:label xlink:type="resource" xlink:role="http://www.xbrl.org/2003/role/documentation" xlink:label="Label_entity00164779_udf_CF_202137114116349_CashFlowsFromUsedInInvestingActivities_en_doc" xml:lang="en">
    </link:label>
    <link:labelArc xlink:arcrole="http://www.xbrl.org/2003/arcrole/concept-label" xlink:from="Loc_entity00164779_udf_CF_202137114116349_CashFlowsFromUsedInInvestingActivities" xlink:to="Label_entity00164779_udf_CF_202137114116349_CashFlowsFromUsedInInvestingActivities_en_doc" xlink:type="arc" />
    <link:loc xlink:href="http://dart.fss.or.kr/Resource/Taxonomy/ifrs/2019-10-01/dart_2019-10-01.xsd#dart_ProceedsFromSalesOfOtherFinancialAssets" xlink:label="Loc_dart_ProceedsFromSalesOfOtherFinancialAssets" xlink:type="locator" />
    <link:label xlink:type="resource" xlink:role="http://www.xbrl.org/2003/role/label" xlink:label="Label_label_dart_ProceedsFromSalesOfOtherFinancialAssets_en" xml:lang="en" id="Label_label_dart_ProceedsFromSalesOfOtherFinancialAssets_en">Decrease from sales of other financial assets</link:label>
    <link:labelArc xlink:arcrole="http://www.xbrl.org/2003/arcrole/concept-label" xlink:from="Loc_dart_ProceedsFromSalesOfOtherFinancialAssets" xlink:to="Label_label_dart_ProceedsFromSalesOfOtherFinancialAssets_en" xlink:type="arc" priority="1" />
    <link:loc xlink:href="http://dart.fss.or.kr/Resource/Taxonomy/ifrs/2019-10-01/dart_2019-10-01.xsd#dart_ProceedsFromSalesOfLoansAndReceivables" xlink:label="Loc_dart_ProceedsFromSalesOfLoansAndReceivables" xlink:type="locator" />
    <link:label xlink:type="resource" xlink:role="http://www.xbrl.org/2003/role/label" xlink:label="Label_label_dart_ProceedsFromSalesOfLoansAndReceivables_en" xml:lang="en" id="Label_label_dart_ProceedsFromSalesOfLoansAndReceivables_en">Decrease in other receivables</link:label>
    <link:labelArc xlink:arcrole="http://www.xbrl.org/2003/arcrole/concept-label" xlink:from="Loc_dart_ProceedsFromSalesOfLoansAndReceivables" xlink:to="Label_label_dart_ProceedsFromSalesOfLoansAndReceivables_en" xlink:type="arc" priority="1" />
    <link:loc xlink:href="http://dart.fss.or.kr/Resource/Taxonomy/ifrs/2019-10-01/dart_2019-10-01.xsd#dart_PurchaseOfLoansAndReceivables" xlink:label="Loc_dart_PurchaseOfLoansAndReceivables" xlink:type="locator" />
    <link:label xlink:type="resource" xlink:role="http://www.xbrl.org/2003/role/label" xlink:label="Label_label_dart_PurchaseOfLoansAndReceivables_en" xml:lang="en" id="Label_label_dart_PurchaseOfLoansAndReceivables_en">Increase in other receivables</link:label>
    <link:labelArc xlink:arcrole="http://www.xbrl.org/2003/arcrole/concept-label" xlink:from="Loc_dart_PurchaseOfLoansAndReceivables" xlink:to="Label_label_dart_PurchaseOfLoansAndReceivables_en" xlink:type="arc" priority="1" />
    <link:loc xlink:href="http://dart.fss.or.kr/Resource/Taxonomy/ifrs/2019-10-01/dart_2019-10-01.xsd#dart_ProceedsFromSalesOfInvestmentsInSubsidiaries" xlink:label="Loc_dart_ProceedsFromSalesOfInvestmentsInSubsidiaries" xlink:type="locator" />
    <link:label xlink:type="resource" xlink:role="http://www.xbrl.org/2003/role/label" xlink:label="Label_label_dart_ProceedsFromSalesOfInvestmentsInSubsidiaries_en" xml:lang="en" id="Label_label_dart_ProceedsFromSalesOfInvestmentsInSubsidiaries_en">Disposition of long-term investment assets</link:label>
    <link:labelArc xlink:arcrole="http://www.xbrl.org/2003/arcrole/concept-label" xlink:from="Loc_dart_ProceedsFromSalesOfInvestmentsInSubsidiaries" xlink:to="Label_label_dart_ProceedsFromSalesOfInvestmentsInSubsidiaries_en" xlink:type="arc" priority="1" />
    <link:loc xlink:href="http://dart.fss.or.kr/Resource/Taxonomy/ifrs/2019-10-01/dart_2019-10-01.xsd#dart_PurchaseOfInvestmentsInSubsidiariesJointVenturesAndAssociates" xlink:label="Loc_dart_PurchaseOfInvestmentsInSubsidiariesJointVenturesAndAssociates" xlink:type="locator" />
    <link:label xlink:type="resource" xlink:role="http://www.xbrl.org/2003/role/label" xlink:label="Label_label_dart_PurchaseOfInvestmentsInSubsidiariesJointVenturesAndAssociates_en" xml:lang="en" id="Label_label_dart_PurchaseOfInvestmentsInSubsidiariesJointVenturesAndAssociates_en">Purchase of long-term investment assets</link:label>
    <link:labelArc xlink:arcrole="http://www.xbrl.org/2003/arcrole/concept-label" xlink:from="Loc_dart_PurchaseOfInvestmentsInSubsidiariesJointVenturesAndAssociates" xlink:to="Label_label_dart_PurchaseOfInvestmentsInSubsidiariesJointVenturesAndAssociates_en" xlink:type="arc" priority="1" />
    <link:loc xlink:href="../00164779_entry_point_2020-12-21.xsd#entity00164779_udf_CF_202137114947101_CashFlowsFromUsedInInvestingActivities" xlink:label="Loc_entity00164779_udf_CF_202137114947101_CashFlowsFromUsedInInvestingActivities" xlink:type="locator" />
    <link:label xlink:type="resource" xlink:role="http://www.xbrl.org/2003/role/label" xlink:label="Label_label_entity00164779_udf_CF_202137114947101_CashFlowsFromUsedInInvestingActivities_en" xml:lang="en" id="Label_label_entity00164779_udf_CF_202137114947101_CashFlowsFromUsedInInvestingActivities_en">Net increase (decrease) of investments in subsidiaries</link:label>
    <link:labelArc xlink:arcrole="http://www.xbrl.org/2003/arcrole/concept-label" xlink:from="Loc_entity00164779_udf_CF_202137114947101_CashFlowsFromUsedInInvestingActivities" xlink:to="Label_label_entity00164779_udf_CF_202137114947101_CashFlowsFromUsedInInvestingActivities_en" xlink:type="arc" />
    <link:label xlink:type="resource" xlink:role="http://www.xbrl.org/2003/role/documentation" xlink:label="Label_entity00164779_udf_CF_202137114947101_CashFlowsFromUsedInInvestingActivities_en_doc" xml:lang="en">
    </link:label>
    <link:labelArc xlink:arcrole="http://www.xbrl.org/2003/arcrole/concept-label" xlink:from="Loc_entity00164779_udf_CF_202137114947101_CashFlowsFromUsedInInvestingActivities" xlink:to="Label_entity00164779_udf_CF_202137114947101_CashFlowsFromUsedInInvestingActivities_en_doc" xlink:type="arc" />
    <link:loc xlink:href="../00164779_entry_point_2020-12-21.xsd#entity00164779_udf_CF_2021514144528532_CashFlowsFromUsedInInvestingActivities" xlink:label="Loc_entity00164779_udf_CF_2021514144528532_CashFlowsFromUsedInInvestingActivities" xlink:type="locator" />
    <link:label xlink:type="resource" xlink:role="http://www.xbrl.org/2003/role/label" xlink:label="Label_label_entity00164779_udf_CF_2021514144528532_CashFlowsFromUsedInInvestingActivities_en" xml:lang="en" id="Label_label_entity00164779_udf_CF_2021514144528532_CashFlowsFromUsedInInvestingActivities_en">Purchase of investments in subsidiaries (Stocks)</link:label>
    <link:labelArc xlink:arcrole="http://www.xbrl.org/2003/arcrole/concept-label" xlink:from="Loc_entity00164779_udf_CF_2021514144528532_CashFlowsFromUsedInInvestingActivities" xlink:to="Label_label_entity00164779_udf_CF_2021514144528532_CashFlowsFromUsedInInvestingActivities_en" xlink:type="arc" />
    <link:label xlink:type="resource" xlink:role="http://www.xbrl.org/2003/role/documentation" xlink:label="Label_entity00164779_udf_CF_2021514144528532_CashFlowsFromUsedInInvestingActivities_en_doc" xml:lang="en">
    </link:label>
    <link:labelArc xlink:arcrole="http://www.xbrl.org/2003/arcrole/concept-label" xlink:from="Loc_entity00164779_udf_CF_2021514144528532_CashFlowsFromUsedInInvestingActivities" xlink:to="Label_entity00164779_udf_CF_2021514144528532_CashFlowsFromUsedInInvestingActivities_en_doc" xlink:type="arc" />
    <link:loc xlink:href="../00164779_entry_point_2020-12-21.xsd#entity00164779_udf_CF_202337171559435_CashFlowsFromUsedInInvestingActivities" xlink:label="Loc_entity00164779_udf_CF_202337171559435_CashFlowsFromUsedInInvestingActivities" xlink:type="locator" />
    <link:label xlink:type="resource" xlink:role="http://www.xbrl.org/2003/role/label" xlink:label="Label_label_entity00164779_udf_CF_202337171559435_CashFlowsFromUsedInInvestingActivities_en" xml:lang="en" id="Label_label_entity00164779_udf_CF_202337171559435_CashFlowsFromUsedInInvestingActivities_en">Disposition of investments in associates</link:label>
    <link:labelArc xlink:arcrole="http://www.xbrl.org/2003/arcrole/concept-label" xlink:from="Loc_entity00164779_udf_CF_202337171559435_CashFlowsFromUsedInInvestingActivities" xlink:to="Label_label_entity00164779_udf_CF_202337171559435_CashFlowsFromUsedInInvestingActivities_en" xlink:type="arc" />
    <link:label xlink:type="resource" xlink:role="http://www.xbrl.org/2003/role/documentation" xlink:label="Label_entity00164779_udf_CF_202337171559435_CashFlowsFromUsedInInvestingActivities_en_doc" xml:lang="en">
    </link:label>
    <link:labelArc xlink:arcrole="http://www.xbrl.org/2003/arcrole/concept-label" xlink:from="Loc_entity00164779_udf_CF_202337171559435_CashFlowsFromUsedInInvestingActivities" xlink:to="Label_entity00164779_udf_CF_202337171559435_CashFlowsFromUsedInInvestingActivities_en_doc" xlink:type="arc" />
    <link:loc xlink:href="http://dart.fss.or.kr/Resource/Taxonomy/ifrs/2019-10-01/dart_2019-10-01.xsd#dart_PurchaseOfOtherFinancialAssets" xlink:label="Loc_dart_PurchaseOfOtherFinancialAssets" xlink:type="locator" />
    <link:label xlink:type="resource" xlink:role="http://www.xbrl.org/2003/role/label" xlink:label="Label_label_dart_PurchaseOfOtherFinancialAssets_en" xml:lang="en" id="Label_label_dart_PurchaseOfOtherFinancialAssets_en">Increase in other financial assets</link:label>
    <link:labelArc xlink:arcrole="http://www.xbrl.org/2003/arcrole/concept-label" xlink:from="Loc_dart_PurchaseOfOtherFinancialAssets" xlink:to="Label_label_dart_PurchaseOfOtherFinancialAssets_en" xlink:type="arc" priority="1" />
    <link:loc xlink:href="../00164779_entry_point_2020-12-21.xsd#entity00164779_udf_CF_20223485851154_CashFlowsFromUsedInInvestingActivities" xlink:label="Loc_entity00164779_udf_CF_20223485851154_CashFlowsFromUsedInInvestingActivities" xlink:type="locator" />
    <link:label xlink:type="resource" xlink:role="http://www.xbrl.org/2003/role/label" xlink:label="Label_label_entity00164779_udf_CF_20223485851154_CashFlowsFromUsedInInvestingActivities_en" xml:lang="en" id="Label_label_entity00164779_udf_CF_20223485851154_CashFlowsFromUsedInInvestingActivities_en">Increase in Other non-current assets</link:label>
    <link:labelArc xlink:arcrole="http://www.xbrl.org/2003/arcrole/concept-label" xlink:from="Loc_entity00164779_udf_CF_20223485851154_CashFlowsFromUsedInInvestingActivities" xlink:to="Label_label_entity00164779_udf_CF_20223485851154_CashFlowsFromUsedInInvestingActivities_en" xlink:type="arc" />
    <link:label xlink:type="resource" xlink:role="http://www.xbrl.org/2003/role/documentation" xlink:label="Label_entity00164779_udf_CF_20223485851154_CashFlowsFromUsedInInvestingActivities_en_doc" xml:lang="en">
    </link:label>
    <link:labelArc xlink:arcrole="http://www.xbrl.org/2003/arcrole/concept-label" xlink:from="Loc_entity00164779_udf_CF_20223485851154_CashFlowsFromUsedInInvestingActivities" xlink:to="Label_entity00164779_udf_CF_20223485851154_CashFlowsFromUsedInInvestingActivities_en_doc" xlink:type="arc" />
    <link:loc xlink:href="http://dart.fss.or.kr/Resource/Taxonomy/ifrs/2019-10-01/dart_2019-10-01.xsd#dart_PurchaseOfInvestmentsInSubsidiaries" xlink:label="Loc_dart_PurchaseOfInvestmentsInSubsidiaries" xlink:type="locator" />
    <link:label xlink:type="resource" xlink:role="http://www.xbrl.org/2003/role/label" xlink:label="Label_label_dart_PurchaseOfInvestmentsInSubsidiaries_en" xml:lang="en" id="Label_label_dart_PurchaseOfInvestmentsInSubsidiaries_en">Purchase of investments in Associate(s)</link:label>
    <link:labelArc xlink:arcrole="http://www.xbrl.org/2003/arcrole/concept-label" xlink:from="Loc_dart_PurchaseOfInvestmentsInSubsidiaries" xlink:to="Label_label_dart_PurchaseOfInvestmentsInSubsidiaries_en" xlink:type="arc" priority="1" />
    <link:loc xlink:href="http://dart.fss.or.kr/Resource/Taxonomy/ifrs/2019-10-01/full_ifrs-cor_2019-03-27.xsd#ifrs-full_PaymentsOfFinanceLeaseLiabilitiesClassifiedAsFinancingActivities" xlink:label="Loc_ifrs-full_PaymentsOfFinanceLeaseLiabilitiesClassifiedAsFinancingActivities" xlink:type="locator" />
    <link:label xlink:type="resource" xlink:role="http://www.xbrl.org/2009/role/negatedTerseLabel" xlink:label="Label_negatedTerseLabel_ifrs-full_PaymentsOfFinanceLeaseLiabilitiesClassifiedAsFinancingActivities_en" xml:lang="en" id="Label_negatedTerseLabel_ifrs-full_PaymentsOfFinanceLeaseLiabilitiesClassifiedAsFinancingActivities_en">Repayments of lease liabilities</link:label>
    <link:labelArc xlink:arcrole="http://www.xbrl.org/2003/arcrole/concept-label" xlink:from="Loc_ifrs-full_PaymentsOfFinanceLeaseLiabilitiesClassifiedAsFinancingActivities" xlink:to="Label_negatedTerseLabel_ifrs-full_PaymentsOfFinanceLeaseLiabilitiesClassifiedAsFinancingActivities_en" xlink:type="arc" priority="1" />
    <link:loc xlink:href="../00164779_entry_point_2020-12-21.xsd#entity00164779_udf_CF_202186144615946_CashFlowsFromUsedInFinancingActivities" xlink:label="Loc_entity00164779_udf_CF_202186144615946_CashFlowsFromUsedInFinancingActivities" xlink:type="locator" />
    <link:label xlink:type="resource" xlink:role="http://www.xbrl.org/2003/role/label" xlink:label="Label_label_entity00164779_udf_CF_202186144615946_CashFlowsFromUsedInFinancingActivities_en" xml:lang="en" id="Label_label_entity00164779_udf_CF_202186144615946_CashFlowsFromUsedInFinancingActivities_en">Dividend payment</link:label>
    <link:labelArc xlink:arcrole="http://www.xbrl.org/2003/arcrole/concept-label" xlink:from="Loc_entity00164779_udf_CF_202186144615946_CashFlowsFromUsedInFinancingActivities" xlink:to="Label_label_entity00164779_udf_CF_202186144615946_CashFlowsFromUsedInFinancingActivities_en" xlink:type="arc" />
    <link:label xlink:type="resource" xlink:role="http://www.xbrl.org/2003/role/documentation" xlink:label="Label_entity00164779_udf_CF_202186144615946_CashFlowsFromUsedInFinancingActivities_en_doc" xml:lang="en">
    </link:label>
    <link:labelArc xlink:arcrole="http://www.xbrl.org/2003/arcrole/concept-label" xlink:from="Loc_entity00164779_udf_CF_202186144615946_CashFlowsFromUsedInFinancingActivities" xlink:to="Label_entity00164779_udf_CF_202186144615946_CashFlowsFromUsedInFinancingActivities_en_doc" xlink:type="arc" />
    <link:loc xlink:href="../00164779_entry_point_2020-12-21.xsd#entity00164779_udf_CF_202133144017705_CashFlowsFromUsedInOperatingActivities" xlink:label="Loc_entity00164779_udf_CF_202133144017705_CashFlowsFromUsedInOperatingActivities" xlink:type="locator" />
    <link:label xlink:type="resource" xlink:role="http://www.xbrl.org/2003/role/label" xlink:label="Label_label_entity00164779_udf_CF_202133144017705_CashFlowsFromUsedInOperatingActivities_en" xml:lang="en" id="Label_label_entity00164779_udf_CF_202133144017705_CashFlowsFromUsedInOperatingActivities_en">Cash flows from (used in) operating activities</link:label>
    <link:labelArc xlink:arcrole="http://www.xbrl.org/2003/arcrole/concept-label" xlink:from="Loc_entity00164779_udf_CF_202133144017705_CashFlowsFromUsedInOperatingActivities" xlink:to="Label_label_entity00164779_udf_CF_202133144017705_CashFlowsFromUsedInOperatingActivities_en" xlink:type="arc" />
    <link:label xlink:type="resource" xlink:role="http://www.xbrl.org/2003/role/documentation" xlink:label="Label_entity00164779_udf_CF_202133144017705_CashFlowsFromUsedInOperatingActivities_en_doc" xml:lang="en">
    </link:label>
    <link:labelArc xlink:arcrole="http://www.xbrl.org/2003/arcrole/concept-label" xlink:from="Loc_entity00164779_udf_CF_202133144017705_CashFlowsFromUsedInOperatingActivities" xlink:to="Label_entity00164779_udf_CF_202133144017705_CashFlowsFromUsedInOperatingActivities_en_doc" xlink:type="arc" />
    <link:loc xlink:href="../00164779_entry_point_2020-12-21.xsd#entity00164779_udf_CF_20213316823496_CashFlowsFromUsedInInvestingActivities" xlink:label="Loc_entity00164779_udf_CF_20213316823496_CashFlowsFromUsedInInvestingActivities" xlink:type="locator" />
    <link:label xlink:type="resource" xlink:role="http://www.xbrl.org/2003/role/label" xlink:label="Label_label_entity00164779_udf_CF_20213316823496_CashFlowsFromUsedInInvestingActivities_en" xml:lang="en" id="Label_label_entity00164779_udf_CF_20213316823496_CashFlowsFromUsedInInvestingActivities_en">Net increase (decrease) from sales of short-term investments</link:label>
    <link:labelArc xlink:arcrole="http://www.xbrl.org/2003/arcrole/concept-label" xlink:from="Loc_entity00164779_udf_CF_20213316823496_CashFlowsFromUsedInInvestingActivities" xlink:to="Label_label_entity00164779_udf_CF_20213316823496_CashFlowsFromUsedInInvestingActivities_en" xlink:type="arc" />
    <link:label xlink:type="resource" xlink:role="http://www.xbrl.org/2003/role/documentation" xlink:label="Label_entity00164779_udf_CF_20213316823496_CashFlowsFromUsedInInvestingActivities_en_doc" xml:lang="en">
    </link:label>
    <link:labelArc xlink:arcrole="http://www.xbrl.org/2003/arcrole/concept-label" xlink:from="Loc_entity00164779_udf_CF_20213316823496_CashFlowsFromUsedInInvestingActivities" xlink:to="Label_entity00164779_udf_CF_20213316823496_CashFlowsFromUsedInInvestingActivities_en_doc" xlink:type="arc" />
    <link:loc xlink:href="../00164779_entry_point_2020-12-21.xsd#entity00164779_udf_CF_202337164634864_CashFlowsFromUsedInInvestingActivities" xlink:label="Loc_entity00164779_udf_CF_202337164634864_CashFlowsFromUsedInInvestingActivities" xlink:type="locator" />
    <link:label xlink:type="resource" xlink:role="http://www.xbrl.org/2003/role/label" xlink:label="Label_label_entity00164779_udf_CF_202337164634864_CashFlowsFromUsedInInvestingActivities_en" xml:lang="en" id="Label_label_entity00164779_udf_CF_202337164634864_CashFlowsFromUsedInInvestingActivities_en">Disposition of investments in associates</link:label>
    <link:labelArc xlink:arcrole="http://www.xbrl.org/2003/arcrole/concept-label" xlink:from="Loc_entity00164779_udf_CF_202337164634864_CashFlowsFromUsedInInvestingActivities" xlink:to="Label_label_entity00164779_udf_CF_202337164634864_CashFlowsFromUsedInInvestingActivities_en" xlink:type="arc" />
    <link:label xlink:type="resource" xlink:role="http://www.xbrl.org/2003/role/documentation" xlink:label="Label_entity00164779_udf_CF_202337164634864_CashFlowsFromUsedInInvestingActivities_en_doc" xml:lang="en">
    </link:label>
    <link:labelArc xlink:arcrole="http://www.xbrl.org/2003/arcrole/concept-label" xlink:from="Loc_entity00164779_udf_CF_202337164634864_CashFlowsFromUsedInInvestingActivities" xlink:to="Label_entity00164779_udf_CF_202337164634864_CashFlowsFromUsedInInvestingActivities_en_doc" xlink:type="arc" />
    <link:loc xlink:href="../00164779_entry_point_2020-12-21.xsd#entity00164779_udf_CF_202233123842316_CashFlowsFromUsedInInvestingActivities" xlink:label="Loc_entity00164779_udf_CF_202233123842316_CashFlowsFromUsedInInvestingActivities" xlink:type="locator" />
    <link:label xlink:type="resource" xlink:role="http://www.xbrl.org/2003/role/label" xlink:label="Label_label_entity00164779_udf_CF_202233123842316_CashFlowsFromUsedInInvestingActivities_en" xml:lang="en" id="Label_label_entity00164779_udf_CF_202233123842316_CashFlowsFromUsedInInvestingActivities_en">Cash outflow from Acquisitions of business</link:label>
    <link:labelArc xlink:arcrole="http://www.xbrl.org/2003/arcrole/concept-label" xlink:from="Loc_entity00164779_udf_CF_202233123842316_CashFlowsFromUsedInInvestingActivities" xlink:to="Label_label_entity00164779_udf_CF_202233123842316_CashFlowsFromUsedInInvestingActivities_en" xlink:type="arc" />
    <link:label xlink:type="resource" xlink:role="http://www.xbrl.org/2003/role/documentation" xlink:label="Label_entity00164779_udf_CF_202233123842316_CashFlowsFromUsedInInvestingActivities_en_doc" xml:lang="en">
    </link:label>
    <link:labelArc xlink:arcrole="http://www.xbrl.org/2003/arcrole/concept-label" xlink:from="Loc_entity00164779_udf_CF_202233123842316_CashFlowsFromUsedInInvestingActivities" xlink:to="Label_entity00164779_udf_CF_202233123842316_CashFlowsFromUsedInInvestingActivities_en_doc" xlink:type="arc" />
    <link:loc xlink:href="../00164779_entry_point_2020-12-21.xsd#entity00164779_udf_CF_20233716492413_CashFlowsFromUsedInInvestingActivities" xlink:label="Loc_entity00164779_udf_CF_20233716492413_CashFlowsFromUsedInInvestingActivities" xlink:type="locator" />
    <link:label xlink:type="resource" xlink:role="http://www.xbrl.org/2003/role/label" xlink:label="Label_label_entity00164779_udf_CF_20233716492413_CashFlowsFromUsedInInvestingActivities_en" xml:lang="en" id="Label_label_entity00164779_udf_CF_20233716492413_CashFlowsFromUsedInInvestingActivities_en">Others</link:label>
    <link:labelArc xlink:arcrole="http://www.xbrl.org/2003/arcrole/concept-label" xlink:from="Loc_entity00164779_udf_CF_20233716492413_CashFlowsFromUsedInInvestingActivities" xlink:to="Label_label_entity00164779_udf_CF_20233716492413_CashFlowsFromUsedInInvestingActivities_en" xlink:type="arc" />
    <link:label xlink:type="resource" xlink:role="http://www.xbrl.org/2003/role/documentation" xlink:label="Label_entity00164779_udf_CF_20233716492413_CashFlowsFromUsedInInvestingActivities_en_doc" xml:lang="en">
    </link:label>
    <link:labelArc xlink:arcrole="http://www.xbrl.org/2003/arcrole/concept-label" xlink:from="Loc_entity00164779_udf_CF_20233716492413_CashFlowsFromUsedInInvestingActivities" xlink:to="Label_entity00164779_udf_CF_20233716492413_CashFlowsFromUsedInInvestingActivities_en_doc" xlink:type="arc" />
    <link:loc xlink:href="../00164779_entry_point_2020-12-21.xsd#entity00164779_udf_CF_2021812112934713_CashFlowsFromUsedInFinancingActivities" xlink:label="Loc_entity00164779_udf_CF_2021812112934713_CashFlowsFromUsedInFinancingActivities" xlink:type="locator" />
    <link:label xlink:type="resource" xlink:role="http://www.xbrl.org/2003/role/label" xlink:label="Label_label_entity00164779_udf_CF_2021812112934713_CashFlowsFromUsedInFinancingActivities_en" xml:lang="en" id="Label_label_entity00164779_udf_CF_2021812112934713_CashFlowsFromUsedInFinancingActivities_en">Gain on non-controlling interest</link:label>
    <link:labelArc xlink:arcrole="http://www.xbrl.org/2003/arcrole/concept-label" xlink:from="Loc_entity00164779_udf_CF_2021812112934713_CashFlowsFromUsedInFinancingActivities" xlink:to="Label_label_entity00164779_udf_CF_2021812112934713_CashFlowsFromUsedInFinancingActivities_en" xlink:type="arc" />
    <link:label xlink:type="resource" xlink:role="http://www.xbrl.org/2003/role/documentation" xlink:label="Label_entity00164779_udf_CF_2021812112934713_CashFlowsFromUsedInFinancingActivities_en_doc" xml:lang="en">
    </link:label>
    <link:labelArc xlink:arcrole="http://www.xbrl.org/2003/arcrole/concept-label" xlink:from="Loc_entity00164779_udf_CF_2021812112934713_CashFlowsFromUsedInFinancingActivities" xlink:to="Label_entity00164779_udf_CF_2021812112934713_CashFlowsFromUsedInFinancingActivities_en_doc" xlink:type="arc" />
    <link:loc xlink:href="../00164779_entry_point_2020-12-21.xsd#entity00164779_udf_BS_202135142925722_CurrentAssets" xlink:label="Loc_entity00164779_udf_BS_202135142925722_CurrentAssets" xlink:type="locator" />
    <link:label xlink:type="resource" xlink:role="http://www.xbrl.org/2003/role/label" xlink:label="Label_label_entity00164779_udf_BS_202135142925722_CurrentAssets_en" xml:lang="en" id="Label_label_entity00164779_udf_BS_202135142925722_CurrentAssets_en">Short-term Investments</link:label>
    <link:labelArc xlink:arcrole="http://www.xbrl.org/2003/arcrole/concept-label" xlink:from="Loc_entity00164779_udf_BS_202135142925722_CurrentAssets" xlink:to="Label_label_entity00164779_udf_BS_202135142925722_CurrentAssets_en" xlink:type="arc" />
    <link:label xlink:type="resource" xlink:role="http://www.xbrl.org/2003/role/documentation" xlink:label="Label_entity00164779_udf_BS_202135142925722_CurrentAssets_en_doc" xml:lang="en">
    </link:label>
    <link:labelArc xlink:arcrole="http://www.xbrl.org/2003/arcrole/concept-label" xlink:from="Loc_entity00164779_udf_BS_202135142925722_CurrentAssets" xlink:to="Label_entity00164779_udf_BS_202135142925722_CurrentAssets_en_doc" xlink:type="arc" />
    <link:loc xlink:href="../00164779_entry_point_2020-12-21.xsd#entity00164779_udf_BS_202151411721571_NoncurrentAssets" xlink:label="Loc_entity00164779_udf_BS_202151411721571_NoncurrentAssets" xlink:type="locator" />
    <link:label xlink:type="resource" xlink:role="http://www.xbrl.org/2003/role/label" xlink:label="Label_label_entity00164779_udf_BS_202151411721571_NoncurrentAssets_en" xml:lang="en" id="Label_label_entity00164779_udf_BS_202151411721571_NoncurrentAssets_en">Investments in joint ventures,subsidiaries and associates</link:label>
    <link:labelArc xlink:arcrole="http://www.xbrl.org/2003/arcrole/concept-label" xlink:from="Loc_entity00164779_udf_BS_202151411721571_NoncurrentAssets" xlink:to="Label_label_entity00164779_udf_BS_202151411721571_NoncurrentAssets_en" xlink:type="arc" />
    <link:label xlink:type="resource" xlink:role="http://www.xbrl.org/2003/role/documentation" xlink:label="Label_entity00164779_udf_BS_202151411721571_NoncurrentAssets_en_doc" xml:lang="en">
    </link:label>
    <link:labelArc xlink:arcrole="http://www.xbrl.org/2003/arcrole/concept-label" xlink:from="Loc_entity00164779_udf_BS_202151411721571_NoncurrentAssets" xlink:to="Label_entity00164779_udf_BS_202151411721571_NoncurrentAssets_en_doc" xlink:type="arc" />
    <link:loc xlink:href="http://dart.fss.or.kr/Resource/Taxonomy/ifrs/2019-10-01/full_ifrs-cor_2019-03-27.xsd#ifrs-full_InvestmentsInAssociates" xlink:label="Loc_ifrs-full_InvestmentsInAssociates" xlink:type="locator" />
    <link:label xlink:type="resource" xlink:role="http://www.xbrl.org/2003/role/label" xlink:label="Label_label_ifrs-full_InvestmentsInAssociates_en" xml:lang="en" id="Label_label_ifrs-full_InvestmentsInAssociates_en">Long-term Investments</link:label>
    <link:labelArc xlink:arcrole="http://www.xbrl.org/2003/arcrole/concept-label" xlink:from="Loc_ifrs-full_InvestmentsInAssociates" xlink:to="Label_label_ifrs-full_InvestmentsInAssociates_en" xlink:type="arc" priority="1" />
    <link:loc xlink:href="http://dart.fss.or.kr/Resource/Taxonomy/ifrs/2019-10-01/dart_2019-10-01.xsd#dart_LongTermOtherReceivablesGross" xlink:label="Loc_dart_LongTermOtherReceivablesGross" xlink:type="locator" />
    <link:label xlink:type="resource" xlink:role="http://www.xbrl.org/2003/role/label" xlink:label="Label_label_dart_LongTermOtherReceivablesGross_en" xml:lang="en" id="Label_label_dart_LongTermOtherReceivablesGross_en">Long-term other Receivables</link:label>
    <link:labelArc xlink:arcrole="http://www.xbrl.org/2003/arcrole/concept-label" xlink:from="Loc_dart_LongTermOtherReceivablesGross" xlink:to="Label_label_dart_LongTermOtherReceivablesGross_en" xlink:type="arc" priority="1" />
    <link:loc xlink:href="http://dart.fss.or.kr/Resource/Taxonomy/ifrs/2019-10-01/dart_2019-10-01.xsd#dart_NonCurrentAvailableForSaleFinancialAssets" xlink:label="Loc_dart_NonCurrentAvailableForSaleFinancialAssets" xlink:type="locator" />
    <link:label xlink:type="resource" xlink:role="http://www.xbrl.org/2003/role/label" xlink:label="Label_label_dart_NonCurrentAvailableForSaleFinancialAssets_en" xml:lang="en" id="Label_label_dart_NonCurrentAvailableForSaleFinancialAssets_en">Other financial assets</link:label>
    <link:labelArc xlink:arcrole="http://www.xbrl.org/2003/arcrole/concept-label" xlink:from="Loc_dart_NonCurrentAvailableForSaleFinancialAssets" xlink:to="Label_label_dart_NonCurrentAvailableForSaleFinancialAssets_en" xlink:type="arc" priority="1" />
    <link:loc xlink:href="http://dart.fss.or.kr/Resource/Taxonomy/ifrs/2019-10-01/full_ifrs-cor_2019-03-27.xsd#ifrs-full_IntangibleAssetsOtherThanGoodwill" xlink:label="Loc_ifrs-full_IntangibleAssetsOtherThanGoodwill" xlink:type="locator" />
    <link:label xlink:type="resource" xlink:role="http://www.xbrl.org/2003/role/label" xlink:label="Label_label_ifrs-full_IntangibleAssetsOtherThanGoodwill_en" xml:lang="en" id="Label_label_ifrs-full_IntangibleAssetsOtherThanGoodwill_en">Intangible Assets</link:label>
    <link:labelArc xlink:arcrole="http://www.xbrl.org/2003/arcrole/concept-label" xlink:from="Loc_ifrs-full_IntangibleAssetsOtherThanGoodwill" xlink:to="Label_label_ifrs-full_IntangibleAssetsOtherThanGoodwill_en" xlink:type="arc" priority="1" />
    <link:loc xlink:href="http://dart.fss.or.kr/Resource/Taxonomy/ifrs/2019-10-01/dart_2019-10-01.xsd#dart_InvestedAssetForPostemploymentBenefit" xlink:label="Loc_dart_InvestedAssetForPostemploymentBenefit" xlink:type="locator" />
    <link:label xlink:type="resource" xlink:role="http://www.xbrl.org/2003/role/label" xlink:label="Label_label_dart_InvestedAssetForPostemploymentBenefit_en" xml:lang="en" id="Label_label_dart_InvestedAssetForPostemploymentBenefit_en">Assets for employee benefits</link:label>
    <link:labelArc xlink:arcrole="http://www.xbrl.org/2003/arcrole/concept-label" xlink:from="Loc_dart_InvestedAssetForPostemploymentBenefit" xlink:to="Label_label_dart_InvestedAssetForPostemploymentBenefit_en" xlink:type="arc" priority="1" />
    <link:loc xlink:href="http://dart.fss.or.kr/Resource/Taxonomy/ifrs/2019-10-01/full_ifrs-cor_2019-03-27.xsd#ifrs-full_InvestmentsInSubsidiariesJointVenturesAndAssociates" xlink:label="Loc_ifrs-full_InvestmentsInSubsidiariesJointVenturesAndAssociates" xlink:type="locator" />
    <link:label xlink:type="resource" xlink:role="http://www.xbrl.org/2003/role/label" xlink:label="Label_label_ifrs-full_InvestmentsInSubsidiariesJointVenturesAndAssociates_en" xml:lang="en" id="Label_label_ifrs-full_InvestmentsInSubsidiariesJointVenturesAndAssociates_en">Investments in joint ventures and associates</link:label>
    <link:labelArc xlink:arcrole="http://www.xbrl.org/2003/arcrole/concept-label" xlink:from="Loc_ifrs-full_InvestmentsInSubsidiariesJointVenturesAndAssociates" xlink:to="Label_label_ifrs-full_InvestmentsInSubsidiariesJointVenturesAndAssociates_en" xlink:type="arc" priority="1" />
    <link:loc xlink:href="../00164779_entry_point_2020-12-21.xsd#entity00164779_udf_BS_202135141512149_CurrentLiabilities" xlink:label="Loc_entity00164779_udf_BS_202135141512149_CurrentLiabilities" xlink:type="locator" />
    <link:label xlink:type="resource" xlink:role="http://www.xbrl.org/2003/role/label" xlink:label="Label_label_entity00164779_udf_BS_202135141512149_CurrentLiabilities_en" xml:lang="en" id="Label_label_entity00164779_udf_BS_202135141512149_CurrentLiabilities_en">Other accounts payables</link:label>
    <link:labelArc xlink:arcrole="http://www.xbrl.org/2003/arcrole/concept-label" xlink:from="Loc_entity00164779_udf_BS_202135141512149_CurrentLiabilities" xlink:to="Label_label_entity00164779_udf_BS_202135141512149_CurrentLiabilities_en" xlink:type="arc" />
    <link:label xlink:type="resource" xlink:role="http://www.xbrl.org/2003/role/documentation" xlink:label="Label_entity00164779_udf_BS_202135141512149_CurrentLiabilities_en_doc" xml:lang="en">
    </link:label>
    <link:labelArc xlink:arcrole="http://www.xbrl.org/2003/arcrole/concept-label" xlink:from="Loc_entity00164779_udf_BS_202135141512149_CurrentLiabilities" xlink:to="Label_entity00164779_udf_BS_202135141512149_CurrentLiabilities_en_doc" xlink:type="arc" />
    <link:loc xlink:href="http://dart.fss.or.kr/Resource/Taxonomy/ifrs/2019-10-01/full_ifrs-cor_2019-03-27.xsd#ifrs-full_CurrentProvisions" xlink:label="Loc_ifrs-full_CurrentProvisions" xlink:type="locator" />
    <link:label xlink:type="resource" xlink:role="http://dart.fss.or.kr/role/2019-10-01/ifrs/dart_label" xlink:label="Label_dart_label_ifrs-full_CurrentProvisions_en" xml:lang="en" id="Label_dart_label_ifrs-full_CurrentProvisions_en">Provisions</link:label>
    <link:labelArc xlink:arcrole="http://www.xbrl.org/2003/arcrole/concept-label" xlink:from="Loc_ifrs-full_CurrentProvisions" xlink:to="Label_dart_label_ifrs-full_CurrentProvisions_en" xlink:type="arc" priority="1" />
    <link:loc xlink:href="../00164779_entry_point_2020-12-21.xsd#entity00164779_udf_BS_202135142228465_NoncurrentLiabilities" xlink:label="Loc_entity00164779_udf_BS_202135142228465_NoncurrentLiabilities" xlink:type="locator" />
    <link:label xlink:type="resource" xlink:role="http://www.xbrl.org/2003/role/label" xlink:label="Label_label_entity00164779_udf_BS_202135142228465_NoncurrentLiabilities_en" xml:lang="en" id="Label_label_entity00164779_udf_BS_202135142228465_NoncurrentLiabilities_en">Other accounts payables</link:label>
    <link:labelArc xlink:arcrole="http://www.xbrl.org/2003/arcrole/concept-label" xlink:from="Loc_entity00164779_udf_BS_202135142228465_NoncurrentLiabilities" xlink:to="Label_label_entity00164779_udf_BS_202135142228465_NoncurrentLiabilities_en" xlink:type="arc" />
    <link:label xlink:type="resource" xlink:role="http://www.xbrl.org/2003/role/documentation" xlink:label="Label_entity00164779_udf_BS_202135142228465_NoncurrentLiabilities_en_doc" xml:lang="en">
    </link:label>
    <link:labelArc xlink:arcrole="http://www.xbrl.org/2003/arcrole/concept-label" xlink:from="Loc_entity00164779_udf_BS_202135142228465_NoncurrentLiabilities" xlink:to="Label_entity00164779_udf_BS_202135142228465_NoncurrentLiabilities_en_doc" xlink:type="arc" />
    <link:loc xlink:href="http://dart.fss.or.kr/Resource/Taxonomy/ifrs/2019-10-01/full_ifrs-cor_2019-03-27.xsd#ifrs-full_OtherNoncurrentFinancialLiabilities" xlink:label="Loc_ifrs-full_OtherNoncurrentFinancialLiabilities" xlink:type="locator" />
    <link:label xlink:type="resource" xlink:role="http://www.xbrl.org/2003/role/label" xlink:label="Label_label_ifrs-full_OtherNoncurrentFinancialLiabilities_en" xml:lang="en" id="Label_label_ifrs-full_OtherNoncurrentFinancialLiabilities_en">Other financial liabilities</link:label>
    <link:labelArc xlink:arcrole="http://www.xbrl.org/2003/arcrole/concept-label" xlink:from="Loc_ifrs-full_OtherNoncurrentFinancialLiabilities" xlink:to="Label_label_ifrs-full_OtherNoncurrentFinancialLiabilities_en" xlink:type="arc" priority="1" />
    <link:loc xlink:href="http://dart.fss.or.kr/Resource/Taxonomy/ifrs/2019-10-01/dart_2019-10-01.xsd#dart_PresentValueOfDefinedBenefitObligation" xlink:label="Loc_dart_PresentValueOfDefinedBenefitObligation" xlink:type="locator" />
    <link:label xlink:type="resource" xlink:role="http://www.xbrl.org/2003/role/label" xlink:label="Label_label_dart_PresentValueOfDefinedBenefitObligation_en" xml:lang="en" id="Label_label_dart_PresentValueOfDefinedBenefitObligation_en">Defined benefit liabilities</link:label>
    <link:labelArc xlink:arcrole="http://www.xbrl.org/2003/arcrole/concept-label" xlink:from="Loc_dart_PresentValueOfDefinedBenefitObligation" xlink:to="Label_label_dart_PresentValueOfDefinedBenefitObligation_en" xlink:type="arc" priority="1" />
    <link:loc xlink:href="http://dart.fss.or.kr/Resource/Taxonomy/ifrs/2019-10-01/dart_2019-10-01.xsd#dart_ElementsOfOtherStockholdersEquity" xlink:label="Loc_dart_ElementsOfOtherStockholdersEquity" xlink:type="locator" />
    <link:label xlink:type="resource" xlink:role="http://www.xbrl.org/2003/role/label" xlink:label="Label_label_dart_ElementsOfOtherStockholdersEquity_en" xml:lang="en" id="Label_label_dart_ElementsOfOtherStockholdersEquity_en">Other stockholder's equity</link:label>
    <link:labelArc xlink:arcrole="http://www.xbrl.org/2003/arcrole/concept-label" xlink:from="Loc_dart_ElementsOfOtherStockholdersEquity" xlink:to="Label_label_dart_ElementsOfOtherStockholdersEquity_en" xlink:type="arc" priority="1" />
    <link:loc xlink:href="../00164779_entry_point_2020-12-21.xsd#entity00164779_udf_BS_20201229171820962_CurrentAssets" xlink:label="Loc_entity00164779_udf_BS_20201229171820962_CurrentAssets" xlink:type="locator" />
    <link:label xlink:type="resource" xlink:role="http://www.xbrl.org/2003/role/label" xlink:label="Label_label_entity00164779_udf_BS_20201229171820962_CurrentAssets_en" xml:lang="en" id="Label_label_entity00164779_udf_BS_20201229171820962_CurrentAssets_en">Short-term Investments</link:label>
    <link:labelArc xlink:arcrole="http://www.xbrl.org/2003/arcrole/concept-label" xlink:from="Loc_entity00164779_udf_BS_20201229171820962_CurrentAssets" xlink:to="Label_label_entity00164779_udf_BS_20201229171820962_CurrentAssets_en" xlink:type="arc" />
    <link:label xlink:type="resource" xlink:role="http://www.xbrl.org/2003/role/documentation" xlink:label="Label_entity00164779_udf_BS_20201229171820962_CurrentAssets_en_doc" xml:lang="en">
    </link:label>
    <link:labelArc xlink:arcrole="http://www.xbrl.org/2003/arcrole/concept-label" xlink:from="Loc_entity00164779_udf_BS_20201229171820962_CurrentAssets" xlink:to="Label_entity00164779_udf_BS_20201229171820962_CurrentAssets_en_doc" xlink:type="arc" />
    <link:loc xlink:href="../00164779_entry_point_2020-12-21.xsd#entity00164779_udf_BS_20201229154653149_CurrentAssets" xlink:label="Loc_entity00164779_udf_BS_20201229154653149_CurrentAssets" xlink:type="locator" />
    <link:label xlink:type="resource" xlink:role="http://www.xbrl.org/2003/role/label" xlink:label="Label_label_entity00164779_udf_BS_20201229154653149_CurrentAssets_en" xml:lang="en" id="Label_label_entity00164779_udf_BS_20201229154653149_CurrentAssets_en">Other receivables</link:label>
    <link:labelArc xlink:arcrole="http://www.xbrl.org/2003/arcrole/concept-label" xlink:from="Loc_entity00164779_udf_BS_20201229154653149_CurrentAssets" xlink:to="Label_label_entity00164779_udf_BS_20201229154653149_CurrentAssets_en" xlink:type="arc" />
    <link:label xlink:type="resource" xlink:role="http://www.xbrl.org/2003/role/documentation" xlink:label="Label_entity00164779_udf_BS_20201229154653149_CurrentAssets_en_doc" xml:lang="en">
    </link:label>
    <link:labelArc xlink:arcrole="http://www.xbrl.org/2003/arcrole/concept-label" xlink:from="Loc_entity00164779_udf_BS_20201229154653149_CurrentAssets" xlink:to="Label_entity00164779_udf_BS_20201229154653149_CurrentAssets_en_doc" xlink:type="arc" />
    <link:loc xlink:href="../00164779_entry_point_2020-12-21.xsd#entity00164779_udf_BS_2020122915184985_CurrentAssets" xlink:label="Loc_entity00164779_udf_BS_2020122915184985_CurrentAssets" xlink:type="locator" />
    <link:label xlink:type="resource" xlink:role="http://www.xbrl.org/2003/role/label" xlink:label="Label_label_entity00164779_udf_BS_2020122915184985_CurrentAssets_en" xml:lang="en" id="Label_label_entity00164779_udf_BS_2020122915184985_CurrentAssets_en">Other financial assets</link:label>
    <link:labelArc xlink:arcrole="http://www.xbrl.org/2003/arcrole/concept-label" xlink:from="Loc_entity00164779_udf_BS_2020122915184985_CurrentAssets" xlink:to="Label_label_entity00164779_udf_BS_2020122915184985_CurrentAssets_en" xlink:type="arc" />
    <link:label xlink:type="resource" xlink:role="http://www.xbrl.org/2003/role/documentation" xlink:label="Label_entity00164779_udf_BS_2020122915184985_CurrentAssets_en_doc" xml:lang="en">
    </link:label>
    <link:labelArc xlink:arcrole="http://www.xbrl.org/2003/arcrole/concept-label" xlink:from="Loc_entity00164779_udf_BS_2020122915184985_CurrentAssets" xlink:to="Label_entity00164779_udf_BS_2020122915184985_CurrentAssets_en_doc" xlink:type="arc" />
    <link:loc xlink:href="../00164779_entry_point_2020-12-21.xsd#entity00164779_udf_BS_20201229172351249_NoncurrentAssets" xlink:label="Loc_entity00164779_udf_BS_20201229172351249_NoncurrentAssets" xlink:type="locator" />
    <link:label xlink:type="resource" xlink:role="http://www.xbrl.org/2003/role/label" xlink:label="Label_label_entity00164779_udf_BS_20201229172351249_NoncurrentAssets_en" xml:lang="en" id="Label_label_entity00164779_udf_BS_20201229172351249_NoncurrentAssets_en">Long-term Investments</link:label>
    <link:labelArc xlink:arcrole="http://www.xbrl.org/2003/arcrole/concept-label" xlink:from="Loc_entity00164779_udf_BS_20201229172351249_NoncurrentAssets" xlink:to="Label_label_entity00164779_udf_BS_20201229172351249_NoncurrentAssets_en" xlink:type="arc" />
    <link:label xlink:type="resource" xlink:role="http://www.xbrl.org/2003/role/documentation" xlink:label="Label_entity00164779_udf_BS_20201229172351249_NoncurrentAssets_en_doc" xml:lang="en">
    </link:label>
    <link:labelArc xlink:arcrole="http://www.xbrl.org/2003/arcrole/concept-label" xlink:from="Loc_entity00164779_udf_BS_20201229172351249_NoncurrentAssets" xlink:to="Label_entity00164779_udf_BS_20201229172351249_NoncurrentAssets_en_doc" xlink:type="arc" />
    <link:loc xlink:href="../00164779_entry_point_2020-12-21.xsd#entity00164779_udf_BS_20201229173243399_NoncurrentAssets" xlink:label="Loc_entity00164779_udf_BS_20201229173243399_NoncurrentAssets" xlink:type="locator" />
    <link:label xlink:type="resource" xlink:role="http://www.xbrl.org/2003/role/label" xlink:label="Label_label_entity00164779_udf_BS_20201229173243399_NoncurrentAssets_en" xml:lang="en" id="Label_label_entity00164779_udf_BS_20201229173243399_NoncurrentAssets_en">Other receivables</link:label>
    <link:labelArc xlink:arcrole="http://www.xbrl.org/2003/arcrole/concept-label" xlink:from="Loc_entity00164779_udf_BS_20201229173243399_NoncurrentAssets" xlink:to="Label_label_entity00164779_udf_BS_20201229173243399_NoncurrentAssets_en" xlink:type="arc" />
    <link:label xlink:type="resource" xlink:role="http://www.xbrl.org/2003/role/documentation" xlink:label="Label_entity00164779_udf_BS_20201229173243399_NoncurrentAssets_en_doc" xml:lang="en">
    </link:label>
    <link:labelArc xlink:arcrole="http://www.xbrl.org/2003/arcrole/concept-label" xlink:from="Loc_entity00164779_udf_BS_20201229173243399_NoncurrentAssets" xlink:to="Label_entity00164779_udf_BS_20201229173243399_NoncurrentAssets_en_doc" xlink:type="arc" />
    <link:loc xlink:href="../00164779_entry_point_2020-12-21.xsd#entity00164779_udf_BS_20201229173351142_NoncurrentAssets" xlink:label="Loc_entity00164779_udf_BS_20201229173351142_NoncurrentAssets" xlink:type="locator" />
    <link:label xlink:type="resource" xlink:role="http://www.xbrl.org/2003/role/label" xlink:label="Label_label_entity00164779_udf_BS_20201229173351142_NoncurrentAssets_en" xml:lang="en" id="Label_label_entity00164779_udf_BS_20201229173351142_NoncurrentAssets_en">Other financial assets</link:label>
    <link:labelArc xlink:arcrole="http://www.xbrl.org/2003/arcrole/concept-label" xlink:from="Loc_entity00164779_udf_BS_20201229173351142_NoncurrentAssets" xlink:to="Label_label_entity00164779_udf_BS_20201229173351142_NoncurrentAssets_en" xlink:type="arc" />
    <link:label xlink:type="resource" xlink:role="http://www.xbrl.org/2003/role/documentation" xlink:label="Label_entity00164779_udf_BS_20201229173351142_NoncurrentAssets_en_doc" xml:lang="en">
    </link:label>
    <link:labelArc xlink:arcrole="http://www.xbrl.org/2003/arcrole/concept-label" xlink:from="Loc_entity00164779_udf_BS_20201229173351142_NoncurrentAssets" xlink:to="Label_entity00164779_udf_BS_20201229173351142_NoncurrentAssets_en_doc" xlink:type="arc" />
    <link:loc xlink:href="../00164779_entry_point_2020-12-21.xsd#entity00164779_udf_BS_20201229174532454_NoncurrentAssets" xlink:label="Loc_entity00164779_udf_BS_20201229174532454_NoncurrentAssets" xlink:type="locator" />
    <link:label xlink:type="resource" xlink:role="http://www.xbrl.org/2003/role/label" xlink:label="Label_label_entity00164779_udf_BS_20201229174532454_NoncurrentAssets_en" xml:lang="en" id="Label_label_entity00164779_udf_BS_20201229174532454_NoncurrentAssets_en">Assets for employee benefits</link:label>
    <link:labelArc xlink:arcrole="http://www.xbrl.org/2003/arcrole/concept-label" xlink:from="Loc_entity00164779_udf_BS_20201229174532454_NoncurrentAssets" xlink:to="Label_label_entity00164779_udf_BS_20201229174532454_NoncurrentAssets_en" xlink:type="arc" />
    <link:label xlink:type="resource" xlink:role="http://www.xbrl.org/2003/role/documentation" xlink:label="Label_entity00164779_udf_BS_20201229174532454_NoncurrentAssets_en_doc" xml:lang="en">
    </link:label>
    <link:labelArc xlink:arcrole="http://www.xbrl.org/2003/arcrole/concept-label" xlink:from="Loc_entity00164779_udf_BS_20201229174532454_NoncurrentAssets" xlink:to="Label_entity00164779_udf_BS_20201229174532454_NoncurrentAssets_en_doc" xlink:type="arc" />
    <link:loc xlink:href="../00164779_entry_point_2020-12-21.xsd#entity00164779_udf_BS_2020122918458327_CurrentLiabilities" xlink:label="Loc_entity00164779_udf_BS_2020122918458327_CurrentLiabilities" xlink:type="locator" />
    <link:label xlink:type="resource" xlink:role="http://www.xbrl.org/2003/role/label" xlink:label="Label_label_entity00164779_udf_BS_2020122918458327_CurrentLiabilities_en" xml:lang="en" id="Label_label_entity00164779_udf_BS_2020122918458327_CurrentLiabilities_en">Other accounts payables</link:label>
    <link:labelArc xlink:arcrole="http://www.xbrl.org/2003/arcrole/concept-label" xlink:from="Loc_entity00164779_udf_BS_2020122918458327_CurrentLiabilities" xlink:to="Label_label_entity00164779_udf_BS_2020122918458327_CurrentLiabilities_en" xlink:type="arc" />
    <link:label xlink:type="resource" xlink:role="http://www.xbrl.org/2003/role/documentation" xlink:label="Label_entity00164779_udf_BS_2020122918458327_CurrentLiabilities_en_doc" xml:lang="en">
    </link:label>
    <link:labelArc xlink:arcrole="http://www.xbrl.org/2003/arcrole/concept-label" xlink:from="Loc_entity00164779_udf_BS_2020122918458327_CurrentLiabilities" xlink:to="Label_entity00164779_udf_BS_2020122918458327_CurrentLiabilities_en_doc" xlink:type="arc" />
    <link:loc xlink:href="../00164779_entry_point_2020-12-21.xsd#entity00164779_udf_BS_20213313565014_CurrentLiabilities" xlink:label="Loc_entity00164779_udf_BS_20213313565014_CurrentLiabilities" xlink:type="locator" />
    <link:label xlink:type="resource" xlink:role="http://www.xbrl.org/2003/role/label" xlink:label="Label_label_entity00164779_udf_BS_20213313565014_CurrentLiabilities_en" xml:lang="en" id="Label_label_entity00164779_udf_BS_20213313565014_CurrentLiabilities_en">Other financial liabilities</link:label>
    <link:labelArc xlink:arcrole="http://www.xbrl.org/2003/arcrole/concept-label" xlink:from="Loc_entity00164779_udf_BS_20213313565014_CurrentLiabilities" xlink:to="Label_label_entity00164779_udf_BS_20213313565014_CurrentLiabilities_en" xlink:type="arc" />
    <link:label xlink:type="resource" xlink:role="http://www.xbrl.org/2003/role/documentation" xlink:label="Label_entity00164779_udf_BS_20213313565014_CurrentLiabilities_en_doc" xml:lang="en">
    </link:label>
    <link:labelArc xlink:arcrole="http://www.xbrl.org/2003/arcrole/concept-label" xlink:from="Loc_entity00164779_udf_BS_20213313565014_CurrentLiabilities" xlink:to="Label_entity00164779_udf_BS_20213313565014_CurrentLiabilities_en_doc" xlink:type="arc" />
    <link:loc xlink:href="../00164779_entry_point_2020-12-21.xsd#entity00164779_udf_BS_2020122918575159_NoncurrentLiabilities" xlink:label="Loc_entity00164779_udf_BS_2020122918575159_NoncurrentLiabilities" xlink:type="locator" />
    <link:label xlink:type="resource" xlink:role="http://www.xbrl.org/2003/role/label" xlink:label="Label_label_entity00164779_udf_BS_2020122918575159_NoncurrentLiabilities_en" xml:lang="en" id="Label_label_entity00164779_udf_BS_2020122918575159_NoncurrentLiabilities_en">Other accounts payables</link:label>
    <link:labelArc xlink:arcrole="http://www.xbrl.org/2003/arcrole/concept-label" xlink:from="Loc_entity00164779_udf_BS_2020122918575159_NoncurrentLiabilities" xlink:to="Label_label_entity00164779_udf_BS_2020122918575159_NoncurrentLiabilities_en" xlink:type="arc" />
    <link:label xlink:type="resource" xlink:role="http://www.xbrl.org/2003/role/documentation" xlink:label="Label_entity00164779_udf_BS_2020122918575159_NoncurrentLiabilities_en_doc" xml:lang="en">
    </link:label>
    <link:labelArc xlink:arcrole="http://www.xbrl.org/2003/arcrole/concept-label" xlink:from="Loc_entity00164779_udf_BS_2020122918575159_NoncurrentLiabilities" xlink:to="Label_entity00164779_udf_BS_2020122918575159_NoncurrentLiabilities_en_doc" xlink:type="arc" />
  </link:labelLink>
</link:linkbase>