<?xml version="1.0" encoding="UTF-8"?>
<!DOCTYPE mapper PUBLIC "-//mybatis.org//DTD Mapper 3.0//EN"
  "http://mybatis.org/dtd/mybatis-3-mapper.dtd">

<!-- StockMapper.xml -->
<mapper namespace="com.trading.mapper.TradingMapper">
    <select id="SelectAllList" resultType="hashmap">
        SELECT * FROM stock
    </select>
    <!-- <select id="getStocksByItemCode" parameterType="String" resultType="com.trading.model.Stock">
        SELECT * FROM stock WHERE ItemCode = #{itemCode}
    </select>
    <select id="getStocksByItemName" parameterType="String" resultType="com.trading.model.Stock">
        SELECT * FROM stock WHERE ItemName = #{itemName}
    </select>
    <select id="getStocksByDate" parameterType="java.util.Date" resultType="com.trading.model.Stock">
        SELECT * FROM stock WHERE Date = #{date}
    </select>
    <select id="getStocksByOpenPrice" parameterType="int" resultType="com.trading.model.Stock">
        SELECT * FROM stock WHERE OpenPrice = #{openPrice}
    </select>
    <select id="getStocksByHighPrice" parameterType="int" resultType="com.trading.model.Stock">
        SELECT * FROM stock WHERE HighPrice = #{highPrice}
    </select>
    <select id="getStocksByLowPrice" parameterType="int" resultType="com.trading.model.Stock">
        SELECT * FROM stock WHERE LowPrice = #{lowPrice}
    </select>
    <select id="getStocksByClosePrice" parameterType="int" resultType="com.trading.model.Stock">
        SELECT * FROM stock WHERE ClosePrice = #{closePrice}
    </select>
    <select id="getStocksByTransactionVolume" parameterType="int" resultType="com.trading.model.Stock">
        SELECT * FROM stock WHERE TransactionVolume = #{transactionVolume}
    </select>
    <select id="getStocksByTransactionVolumeCumulative" parameterType="int" resultType="com.trading.model.Stock">
        SELECT * FROM stock WHERE TransactionVolumeCumulate = #{transactionVolumeCumulative}
    </select>
    <select id="getStocksByContractedSellQuantity" parameterType="int" resultType="com.trading.model.Stock">
        SELECT * FROM stock WHERE ContractedSellQuantity = #{contractedSellQuantity}
    </select>
    <select id="getStocksByContractedBuyQuantity" parameterType="int" resultType="com.trading.model.Stock">
        SELECT * FROM stock WHERE ContractedBuyQuantity = #{contractedBuyQuantity}
    </select> -->
</mapper>


